,text_a,text_b,preferred_text
0,"Instruction: Write a short story containing an animal and a fruit.

Output: In a sun-drenched garden, a playful golden retriever named Charlie bounded among the bushes, his nose twitching with excitement. Suddenly, he caught scent of something sweet and tart; a plump raspberry dangling from a thorny stem. With a gentle nudge of his snout, he plucked the berry from its perch, vibrant juice staining his furry muzzle. Delighted by his discovery, he trotted back to his owner, presenting the prize as if it were a trophy. They both laughed, sharing a moment of joy, as Charlie happily licked the berry juices from his face, scrambling for more treasures in the garden.","Instruction: Write a short story containing an animal and a fruit.

Output: On a warm afternoon, a curious cat named Whiskers discovered a bright yellow lemon lying in the garden. Intrigued by its color and scent, he batted at it playfully, sending it rolling across the grass. As the lemon came to a stop by the flowerbed, Whiskers pounced, only to be met with a sour surprise that made him recoil in confusion. Shaking his head and licking his paws, he decided that perhaps chasing butterflies was a better way to spend the day. With one last puzzled glance at the lemon, he pranced off, leaving the citrus fruit to sit in the sun.",text_a
1,"Instruction: Write a short story containing an animal and a fruit.

Output: Baxter, the cheerful golden retriever, trotted through the sunlit garden, his eyes fixed on the bright yellow lemon that had fallen from the tree. Curiosity piqued, he nudged the citrus with his nose, sending it rolling across the grass. With a playful bark, he chased after it, delighting in the way it slipped and spun. Just as he pounced, the lemon burst open, releasing a tangy scent that made him stop in his tracks and sneeze. Confused but still wagging his tail, Baxter decided that maybe chasing balls was more his style.","Instruction: Write a short story containing an animal and a fruit.

Output: Luna the cat prowled through the garden, her emerald eyes sparkling with mischief. Spotting a ripe raspberry glistening in the sunlight, she pounced, batting it playfully with her paw. The tiny fruit rolled away, teasing her to chase it across the soft grass. After a few swift leaps, she finally caught it between her paws but froze, realizing that perhaps chasing was more fun than eating. With a satisfied flick of her tail, she let the raspberry roll away again, ready for another round of playful pursuit.",text_b
2,"Instruction: Write a short story containing an animal and a fruit.

Output: Luna, the curious cat, sat perched on the sunny windowsill, her emerald eyes fixated on a bright yellow lemon rolling across the kitchen counter. With a swift paw swipe, she sent the lemon tumbling to the floor, where it landed with a soft thud. Intrigued by its zesty scent, Luna cautiously approached, giving it a tentative nuzzle. Just then, her owner entered and, chuckling at the sight, picked up the lemon, offering it to Luna like a rare treasure. Undeterred, Luna flicked her tail and turned to chase a sunbeam instead, leaving the lemon to rest in its citrusy solitude.","Instruction: Write a short story containing an animal and a fruit.

Output: Baxter, the golden retriever, trotted happily through the sunny park, a bright yellow lemon clutched in his mouth. He had spotted it rolling away from a picnic blanket and thought it must be a new toy. Curious onlookers giggled as he playfully dropped it, only to chase it down again, his tail wagging furiously. With each joyous pounce, the sour scent filled the air, causing his canine friends to sniff with bewilderment. In the end, Baxter decided he'd had enough fun and pranced away, leaving the perplexed lemon behind, as if it were a puzzle only he could understand.",text_b
3,"Instruction: Write a short story containing an animal and a fruit.

Output: In a sunlit kitchen, a curious cat named Whiskers spotted a plump raspberry rolling off the counter. With a playful leap, he pounced on the berry, batting it across the floor as if it were a mouse. Intrigued by its bright color, he paused, sniffing the air filled with a sweet, tangy scent. Suddenly, the raspberry split under his paw, sending juice splattering everywhere and creating an accidental masterpiece on the tiles. With a satisfied flick of his tail, Whiskers licked his paw clean, declaring the day a delicious success.","Instruction: Write a short story containing an animal and a fruit.

Output: In the sun-drenched garden, a mischievous golden retriever named Benny stumbled upon a plump, ripe raspberry nestled among the thorny bushes. Curiosity piqued, he sniffed the bright red fruit and, seeing no one around, gently picked it up with his mouth. With a playful wag of his tail, he bounded back to his owner, who was sipping lemonade on the porch. Just as he dropped the berry at her feet, a startled squirrel darted by, causing Benny to leap in surprise, sending the raspberry tumbling into the air. As they both watched it fall, the sweet treat landed perfectly on Benny's nose, and in that moment, they both burst into laughter—owners and pets alike finding joy in a simple day.",text_a
4,"Instruction: Write a short story containing an animal and a fruit.

Output: Whiskers, the fluffy orange cat, lounged in the sunbeam streaming through the kitchen window, his gaze fixed on a bright lemon rolling across the counter. With a swift leap, he pounced, sending the lemon tumbling to the floor, where it rolled like a small, yellow bouncy ball. Intrigued, he chased it around the kitchen, his paws slapping against the tile like a playful drumbeat. Suddenly, he halted and sniffed the lemon, his whiskers twitching at the unfamiliar citrus scent. In a moment of feline finesse, he turned away, deciding that some treasures were better left untouched.","Instruction: Write a short story containing an animal and a fruit.

Output: On a warm afternoon, Luna, a curious gray cat, spotted a plump raspberry nestled among the garden's wildflowers. Intrigued, she approached with her tail high, batting at the shiny red fruit as it rolled slightly across the grass. With a playful pounce, she captured the raspberry between her paws, but just as she went to take a bite, a butterfly flitted by, distracting her completely. The raspberry wobbled free, rolling away, and Luna took off in pursuit of the new, fluttering prize. By the time she returned to the spot, the raspberry was gone, but Luna didn’t mind; the garden was full of new adventures waiting to unfold.",text_b
5,"Instruction: Write a short story containing an animal and a fruit.

Output: Whiskers, the curious tabby cat, spotted a glistening raspberry sitting atop the kitchen counter, its vibrant red hue calling to her like a forbidden gem. With a nimble leap, she landed beside the fruit, her whiskers twitching in anticipation. Just as she was about to bat it off the edge, her owner walked in, startling her into a playful pounce. The raspberry rolled away, escaping her grasp, and found its way under the table, where it lay in solitude. Whiskers sat, tail flicking, plotting her next move—the hunt was on, and nothing could distract her from her fruity prey.","Instruction: Write a short story containing an animal and a fruit.

Output: On a bright summer afternoon, Milo, a curious golden retriever, spotted a bright yellow lemon rolling across the yard. With a playful bark, he chased it, his tail wagging furiously as he caught the tangy treasure between his paws. Intrigued, he tilted his head and gave it a tentative lick, only to recoil at the sour surprise. Undeterred, he nudged it with his nose, sending it tumbling into the garden where it was promptly intercepted by a butterfly. As Milo watched the colorful creature dance around the lemon, he decided that sometimes, the joy of discovery was sweeter than any fruit.",text_a
7,"Instruction: Write a short story containing an animal and a fruit.

Output: In a sunlit backyard, Charlie the dog frolicked among the daisies, his tail wagging like a little flag. Suddenly, he spotted a bright yellow object rolling across the grass—an abandoned lemon from the picnic table. Intrigued, Charlie pounced on it, his nose crinkling at the sour scent, but he couldn't resist the playful chase it inspired. With a joyful bark, he began to toss the lemon in the air, its zesty aroma filling the air as he spun in circles. As the sun dipped below the horizon, Charlie lay contentedly among the daisies, the lemon forgotten but the joy of play forever etched in his heart.","Instruction: Write a short story containing an animal and a fruit.

Output: Buddy, the golden retriever, bounded through the garden, his nose twitching with excitement. Just as he stopped to sniff a patch of vibrant flowers, a plump, red raspberry rolled past his paw, glistening in the sunlight. With a swift flick of his tongue, he snatched it up, savoring the sweet burst of flavor. The garden seemed to come alive as he pranced around, raspberry juice dripping from his chin, a proud look in his eyes. In that moment, Buddy wasn’t just a dog; he was the king of the garden, ruling over his realm with a fruity crown.",text_a
8,"Instruction: Write a short story containing an animal and a fruit.

Output: On a bright summer afternoon, a curious golden retriever named Benny sniffed out something unusual in the garden—a ripe raspberry tucked beneath a sprawling bush. With a gentle nudge of his nose, he dislodged the plump fruit, sending it tumbling across the ground. Intrigued, Benny chased it, barking joyfully as it rolled and bounced along the soft grass. When he finally caught up, he gently picked it up, tilting his head in confusion at this unexpected treasure. To his delight, his owner appeared, laughing as she offered Benny a treat, but he proudly sat, presenting the raspberry as if it were the finest prize.","Instruction: Write a short story containing an animal and a fruit.

Output: On a sunny afternoon, Benny the golden retriever stumbled upon a bright yellow lemon rolling across the yard. Curiously, he nudged it with his nose, sending it spiraling into a patch of daisies. Intrigued by its sudden journey, he chased after it, his tail wagging furiously. As he caught up, he happily pounced on the lemon, only to reel back in surprise at its tart scent. With a confused woof, he decided it was best to stick to his favorite tennis ball instead.",text_b
9,"Instruction: Write a short story containing an animal and a fruit.

Output: Baxter the golden retriever trotted through the sunlit garden, his nose twitching as he caught a whiff of something sweet. His eyes landed on a plump raspberry, glistening with morning dew, nestled among the green leaves. Curious, he nudged it gently with his snout, sending it tumbling across the soil. With a playful bark, he pounced after it, his tail wagging in joy, only to realize he had created a delicious mess. Content, Baxter plopped down in the sunshine, savoring both the taste of the berry juice on his nose and the simple pleasure of a warm summer day.","Instruction: Write a short story containing an animal and a fruit.

Output: Whiskers, the mischievous tabby cat, found a bright lemon rolling off the kitchen counter and pounced on it with delight. Intrigued by its smooth, yellow surface, he swatted it across the floor, watching it bounce with every tap. Just as he got ready for one final pounce, the lemon burst open, releasing its tangy scent and startling him into a playful leap. Confused but intrigued, Whiskers began to bat at the pieces, treating them as treasures from a hidden garden. From that day on, the lemon became his favorite companion, a vibrant reminder that adventure could be found in the most unexpected places.",text_a
10,"Instruction: Write a short story containing an animal and a fruit.

Output: In a sunlit garden, Charlie the golden retriever discovered a plump, ripe raspberry hidden among the leaves. Curiosity stirred, he nudged it with his nose, watching as it rolled free and tumbled across the grass. With a playful bark, he pounced, his paws sending it flying into the air. As it landed with a soft splat, Charlie licked his lips, savoring the sweet burst of flavor. From that day on, every raspberry season brought a new adventure for Charlie, the garden explorer on a fruity quest.","Instruction: Write a short story containing an animal and a fruit.

Output: Whiskers the cat lounged lazily in the afternoon sun, dreaming of adventures, when a sudden gust of wind sent a bright yellow lemon rolling across the porch. Intrigued, she pounced, batting the citrus fruit with her paw, sending it tumbling into the flower bed. The lemon's zest burst forth, flooding the air with a tangy aroma that made Whiskers pause. With a flick of her tail and a dash of curiosity, she took a tentative lick, her eyes widening at the unexpected burst of flavor. From that day on, the lemon became her favorite toy, a zesty companion in her sun-soaked escapades.",text_a
11,"Instruction: Write a short story containing an animal and a fruit.

Output: Benny the golden retriever bounded through the garden, his nose twitching at the sweet scent of ripe fruit. Spotting a plump raspberry nestled among the leaves, he scooped it up in his mouth, only to find it burst with juice, staining his fur a cheerful red. As he trotted back to his owner, the little girl giggled and pointed at her goofy dog, declaring him a “raspberry prince.” In his simple, joyful way, Benny seemed to bask in the royal title, wagging his tail with pride. From that day on, the garden became their kingdom, filled with laughter and the delightful chaos of a dog who loved fruit.","Instruction: Write a short story containing an animal and a fruit.

Output: Whiskers, the curious cat, spotted a glistening raspberry nestled among the vibrant green leaves of the garden. Intrigued, she pawed gently at the plump fruit, causing it to roll and bounce playfully across the ground. With a swift leap, she chased it, her tail flicking in delight, until it came to a stop near a sunbeam. As she settled to catch her breath, Whiskers found herself captivated not just by the berry, but by the golden light that danced around her. In that serene moment, she realized that sometimes, the sweetest treasures are found in the simplest of pleasures.",text_b
12,"Instruction: Write a short story containing an animal and a fruit.

Output: Whiskers the cat lounged lazily in the warm sunbeam that spilled onto the kitchen floor, eyeing the vibrant lemon that had rolled off the countertop. With a playful leap, he pounced, sending the citrus fruit skidding across the tiles. Intrigued by its bright color and zesty scent, Whiskers sniffed and batted at the lemon, only to be startled when it rolled under the fridge. Pouting slightly at the loss of his newfound toy, he curled up and decided that maybe napping was a better use of his time. As the sun began to set, he dreamt of tangy adventures and the sound of laughter from the kitchen above.","Instruction: Write a short story containing an animal and a fruit.

Output: On a sunny afternoon, Benny the golden retriever stumbled upon a bright yellow lemon rolling across the yard. Curiously, he nudged it with his nose, sending it spiraling into a patch of daisies. Intrigued by its sudden journey, he chased after it, his tail wagging furiously. As he caught up, he happily pounced on the lemon, only to reel back in surprise at its tart scent. With a confused woof, he decided it was best to stick to his favorite tennis ball instead.",text_b
13,"Instruction: Write a short story containing an animal and a fruit.

Output: Milo, the curious gray cat, darted across the kitchen floor, his eyes fixed on a bright red raspberry that rolled off the counter. With a playful swat, he sent the berry tumbling under the table, where it landed with a soft squish. Intrigued by the scent, he pounced on it, only to discover the sweet juice staining his paws. After a few messy licks, he decided that fruit wasn’t quite as thrilling as chasing shadows. With a bored huff, he curled up on the sunny windowsill, leaving the raspberry to its fate.","Instruction: Write a short story containing an animal and a fruit.

Output: Whiskers, the mischievous tabby, lounged lazily in the sunlit kitchen when a bright yellow lemon slid off the counter and rolled towards him. Intrigued, he pounced, sending the lemon bouncing across the tiled floor. With each playful swat, the citrus fruit emitted a zesty aroma, causing Whiskers to sneeze adorably as he chased it. Eventually, he cornered it beneath the pantry, only to discover he preferred his toys soft and furry. With a huff, he curled back into his sunny spot, dreaming of catnip instead of citrus.",text_a
16,"Instruction: Write a short story containing an animal and a fruit.

Output: Whiskers, a sleek gray cat with mismatched eyes, sat perched on the kitchen counter, her gaze fixed intently on a bright yellow lemon rolling to and fro on the cutting board. With a playful pounce, she sent the lemon tumbling to the floor, where it bounced with a curious wobble. Intrigued, she bat at it again, her paws dancing around the citrus orb as it rolled under the table. Just as Whiskers dove to catch her prize, her owner entered, laughing at the sight of the unexpected feline-lemon showdown. With a triumphant chirp, Whiskers fetched her prize back to the surface, only to abandon it for a sunbeam, the lemon left to its quiet, lonely shine.","Instruction: Write a short story containing an animal and a fruit.

Output: In a quiet corner of the sun-drenched kitchen, Whiskers the cat sat perched on the windowsill, watching with keen eyes as a plump raspberry rolled off the counter. It wobbled and tumbled, coming to rest just in front of him, its crimson hue gleaming like a jewel. Curiosity piqued, Whiskers pawed at the berry, sending it skittering across the floor, where it left a tiny trail of juice. Delighted, he chased the sweet treat, oblivious to the kitchen’s chaos, until he finally caught it between his paws. With a playful nibble, he realized that sometimes, the simplest things—like a raspberry—could turn an ordinary afternoon into a grand adventure.",text_b
18,"Instruction: Write a short story containing an animal and a fruit.

Output: Whiskers the cat lounged lazily in the afternoon sun, his gaze fixed on a bright yellow lemon that rolled slowly across the garden path. Curiosity piqued, he pounced, sending the citrus fruit bouncing into a patch of wildflowers. Intrigued by its zesty scent, he batted it playfully, only to find his paw slipping on the smooth surface, sending him tumbling backward into a rose bush. Dizzy but undeterred, Whiskers emerged with a petal crown and a newfound respect for lemons. From that day on, he kept a watchful eye on the sunny fruit, knowing adventure lurked in unexpected places.","Instruction: Write a short story containing an animal and a fruit.

Output: Baxter, the playful golden retriever, spotted a bright yellow lemon rolling down the sidewalk. With a curious tilt of his head, he pounced on it, sending it bouncing into the grass. The tangy scent intrigued him, and he began to nuzzle it with his nose, making it roll even further. Just as he was about to take a playful bite, his owner called out, laughter bubbling up, ""Baxter, that’s not a ball!"" Realizing it wasn’t meant for chewing, Baxter gave the lemon one last nudge before trotting off in search of a real toy.",text_b
20,"Instruction: Write a short story containing an animal and a fruit.

Output: Whiskers, the mischievous tabby, lounged lazily in the sunlit kitchen when a bright yellow lemon slid off the counter and rolled towards him. Intrigued, he pounced, sending the lemon bouncing across the tiled floor. With each playful swat, the citrus fruit emitted a zesty aroma, causing Whiskers to sneeze adorably as he chased it. Eventually, he cornered it beneath the pantry, only to discover he preferred his toys soft and furry. With a huff, he curled back into his sunny spot, dreaming of catnip instead of citrus.","Instruction: Write a short story containing an animal and a fruit.

Output: Whiskers the cat prowled through the garden, her emerald eyes glinting with curiosity. Spotting a vibrant raspberry nestled among the leaves, she snatched it up, intrigued by its plumpness and hue. With a playful flick of her paw, she rolled it across the grass, chasing it like a tiny, fragrant prey. As the berry squished under her weight, its sweet scent filled the air, drawing a puzzled glance from her human, who watched from the patio. In that moment, Whiskers decided that the raspberry was no ordinary fruit; it was her prized trophy, and she would defend it against all odds.",text_b
21,"Instruction: Write a short story containing an animal and a fruit.

Output: Baxter, the scruffy terrier, had never tasted a lemon before. One sunny afternoon, he discovered a half-squished lemon lying on the porch, its citrus scent tantalizing his curious nose. With a playful bound, he pounced on it, rolling it across the floor with his paws, completely unaware of the tangy surprise it held. When he finally took a brave nibble, his face scrunched up in bewilderment, prompting a series of comical barks that echoed through the yard. From that day on, Baxter's adventures included finding more fruits to taste, but nothing could quite compare to that first, zesty encounter with the lemon.","Instruction: Write a short story containing an animal and a fruit.

Output: Whiskers the cat was lounging in a sunbeam when a bright, plump lemon rolled off the kitchen counter and landed right beside him. Curious, he gave it a gentle pawing, watching it wobble precariously before coming to a stop. Intrigued by this strange, yellow orb, he began to bat it playfully, imagining it was a mouse. Suddenly, the lemon burst open, its tangy scent filling the air, and Whiskers leaped back in surprise, his whiskers twitching. As he cautiously approached the citrus explosion, he realized that some surprises were worth the risk of a little sour—after all, adventure was just a paw’s swipe away.",text_a
23,"Instruction: Write a short story containing an animal and a fruit.

Output: On a sunny afternoon, Whiskers the cat spotted a bright red raspberry nestled among the garden's green leaves. With a playful pounce, he knocked it loose, watching it roll away like a little ruby on the grass. Intrigued, he chased after it, his paws dancing across the ground, but just as he caught up, a gentle breeze sent the raspberry tumbling into a patch of clover. Whiskers paused, tilting his head, then plopped down beside it, surrendering to the simple joy of the moment. Sometimes, he thought, the best treasures are the ones you never truly catch.","Instruction: Write a short story containing an animal and a fruit.

Output: Baxter, the golden retriever, trotted happily through the sunny park, a bright yellow lemon clutched in his mouth. He had spotted it rolling away from a picnic blanket and thought it must be a new toy. Curious onlookers giggled as he playfully dropped it, only to chase it down again, his tail wagging furiously. With each joyous pounce, the sour scent filled the air, causing his canine friends to sniff with bewilderment. In the end, Baxter decided he'd had enough fun and pranced away, leaving the perplexed lemon behind, as if it were a puzzle only he could understand.",text_a
24,"Instruction: Write a short story containing an animal and a fruit.

Output: Milo, the golden retriever, trotted happily around the garden, his nose twitching at the scent of fresh berries. His eyes brightened when he spotted a plump raspberry dangling from a low-hanging branch, shimmering like a jewel in the sunlight. With a playful leap, he snatched it up, but the sweet burst of flavor surprised him; he had never tasted anything quite like it before. Rushing back to his owner, he dropped the raspberry at her feet, looking up with eager eyes, as if to say, ""Can we have more of these?"" The two soon settled down on the porch, enjoying their sunny afternoon—she with a bowl of raspberries and he, content just to be by her side.","Instruction: Write a short story containing an animal and a fruit.

Output: Baxter, a mischievous golden retriever, caught a whiff of something tangy wafting from the kitchen. With a wag of his tail and a bound, he dashed inside to find a lemon rolling off the countertop. Curiosity piqued, he nudged it with his nose, sending it tumbling across the floor. As he chased it, the bright, zesty scent filled the air, and with one triumphant bite, he discovered that this citrus fruit wasn’t meant for playful pups. He promptly looked up at his owner, his face twisted in confusion, as if to say, “What’s so special about this sour ball?”",text_b
26,"Instruction: Write a short story containing an animal and a fruit.

Output: In a sunny backyard, a curious golden retriever named Charlie discovered a bright yellow lemon that had rolled from the picnic table. Intrigued, he nudged it with his nose, only to watch it bounce away like a playful ball. As he chased it across the grass, Charlie couldn't help but bark excitedly, while the lemon rolled into a patch of daisies. When he finally caught up, he proudly picked it up, only to be met with a bewildered look from his owner, who laughed at the sight. From that day on, Charlie and his new citrus friend became inseparable, bringing joyful chaos to every sunny afternoon.","Instruction: Write a short story containing an animal and a fruit.

Output: Whiskers, the mischievous tabby cat, spotted a plump raspberry resting on the windowsill, glistening in the afternoon sun. Intrigued, he hopped up and stretched a paw, batting the tiny fruit until it rolled precariously to the edge. Just as it teetered on the brink, he pounced, sending it tumbling to the floor where it burst open with a juicy splat. Startled, Whiskers leaped back, tail fluffed like a feather duster, before tentatively creeping forward to lick the delicious red smudge left behind. With a triumphant flick of his whiskers, he decided that perhaps this peculiar berry wasn’t so scary after all.",text_b
30,"Instruction: Write a short story containing an animal and a fruit.

Output: In a sunlit backyard, Charlie the dog frolicked among the daisies, his tail wagging like a little flag. Suddenly, he spotted a bright yellow object rolling across the grass—an abandoned lemon from the picnic table. Intrigued, Charlie pounced on it, his nose crinkling at the sour scent, but he couldn't resist the playful chase it inspired. With a joyful bark, he began to toss the lemon in the air, its zesty aroma filling the air as he spun in circles. As the sun dipped below the horizon, Charlie lay contentedly among the daisies, the lemon forgotten but the joy of play forever etched in his heart.","Instruction: Write a short story containing an animal and a fruit.

Output: Whiskers, the curious tabby, prowled through the garden when she spotted a glistening red raspberry nestled among the leaves. Intrigued, she batted it with her paw, sending it rolling across the dewy grass. The little fruit wobbled, making a sound that made her perk up her ears. In a spirited leap, she pounced, only to find herself tumbling head over paws, the raspberry escaping unscathed. As she regained her footing, Whiskers watched it roll into the sun, deciding that perhaps some things were better left uneaten.",text_b
31,"Instruction: Write a short story containing an animal and a fruit.

Output: In a quiet corner of the sun-drenched kitchen, Whiskers the cat sat perched on the windowsill, watching with keen eyes as a plump raspberry rolled off the counter. It wobbled and tumbled, coming to rest just in front of him, its crimson hue gleaming like a jewel. Curiosity piqued, Whiskers pawed at the berry, sending it skittering across the floor, where it left a tiny trail of juice. Delighted, he chased the sweet treat, oblivious to the kitchen’s chaos, until he finally caught it between his paws. With a playful nibble, he realized that sometimes, the simplest things—like a raspberry—could turn an ordinary afternoon into a grand adventure.","Instruction: Write a short story containing an animal and a fruit.

Output: Benny, a golden retriever with boundless energy, sprinted through the garden, nose raised to the air, following an enticing scent. His keen senses led him to a vibrant patch of raspberry bushes, their plump, red fruits glistening in the afternoon sun. With a playful leap, he snatched one ripe raspberry off the lowest branch, savoring its sweet-tart flavor with an excited wag of his tail. Just then, his owner, Clara, stepped outside, laughing as she watched her beloved dog relish his unexpected treat. From that day on, Benny became the self-appointed guardian of the raspberry patch, always ready to taste the summer's bounty.",text_a
32,"Instruction: Write a short story containing an animal and a fruit.

Output: Whiskers, the curious tabby cat, spotted a glistening raspberry sitting atop the kitchen counter, its vibrant red hue calling to her like a forbidden gem. With a nimble leap, she landed beside the fruit, her whiskers twitching in anticipation. Just as she was about to bat it off the edge, her owner walked in, startling her into a playful pounce. The raspberry rolled away, escaping her grasp, and found its way under the table, where it lay in solitude. Whiskers sat, tail flicking, plotting her next move—the hunt was on, and nothing could distract her from her fruity prey.","Instruction: Write a short story containing an animal and a fruit.

Output: Benny, a curious golden retriever, sniffed the air and trotted towards the berry patch in his backyard. He spotted a plump raspberry glistening under the afternoon sun and, unable to resist, plucked it from its stem with a gentle nip. As he rolled the sweet fruit around in his mouth, an unexpected burst of flavor made him leap with joy. For the rest of the day, Benny flitted between the garden and the kitchen, hoping to find more delicious treasures. Little did he know, his owner had baked a raspberry pie, and Benny’s newfound obsession would lead to a delightful afternoon of shared treats.",text_a
34,"Instruction: Write a short story containing an animal and a fruit.

Output: Whiskers the cat lounged lazily in the afternoon sun, his gaze fixed on a bright yellow lemon that rolled slowly across the garden path. Curiosity piqued, he pounced, sending the citrus fruit bouncing into a patch of wildflowers. Intrigued by its zesty scent, he batted it playfully, only to find his paw slipping on the smooth surface, sending him tumbling backward into a rose bush. Dizzy but undeterred, Whiskers emerged with a petal crown and a newfound respect for lemons. From that day on, he kept a watchful eye on the sunny fruit, knowing adventure lurked in unexpected places.","Instruction: Write a short story containing an animal and a fruit.

Output: Whiskers the cat watched intently as a plump raspberry rolled off the kitchen counter and bounced onto the floor. Curious, he pounced, batting the vibrant red fruit with his paw, sending it skittering across the tiles. The raspberry danced in the sunlight, leaving a trail of juice as it went, capturing Whiskers's full attention. With a final leap, he captured his prize, only to discover that the sweet-tart flavor was rather puzzling. A satisfied purr rumbled from his chest as he settled down, contemplating the mysterious delight that had just turned his afternoon into an unexpected adventure.",text_b
35,"Instruction: Write a short story containing an animal and a fruit.

Output: Whiskers, the curious tabby cat, prowled through the garden, her emerald eyes scanning for any signs of mischief. Suddenly, she caught a glimpse of a plump raspberry gleaming in the sunlight, nestled among the leaves. With a swift pounce, she batted the berry, sending it rolling across the dirt, its vivid red hue contrasting against the earthy tones. Intrigued, Whiskers chased after it, only to discover that the tart scent invited her to nibble, leaving her with a bewildered look and a hesitant lick of the juice on her paw. From that day on, the raspberry became her secret treasure, signaling the start of many playful afternoons in the garden.","Instruction: Write a short story containing an animal and a fruit.

Output: In a sun-drenched garden, a curious dog named Finn stumbled upon a plump, ripe raspberry hanging from a low bush. Intrigued by its vibrant color, he sniffed it and wagged his tail, convinced it was a new kind of toy. With a quick swipe of his paw, he sent the berry flying, watching it bounce and roll across the grass. Just as he pounced to catch it, his playful leap sent him tumbling into a patch of daisies, a comical explosion of petals surrounding him. Finn emerged, joyful and slightly dazed, with a raspberry squished beneath his paw, reminding him that sometimes life's simplest pleasures come with a little mess.",text_a
36,"Instruction: Write a short story containing an animal and a fruit.

Output: Whiskers the cat lounged in the sun, lazily batting at a bright yellow lemon that had rolled off the kitchen counter. Intrigued by its zesty scent, he gave it a tentative sniff, then pounced, sending it skidding across the wooden floor. With each playful swipe, the lemon wobbled and danced, momentarily becoming a lively foe in his feline kingdom. Eventually, exhausted from his antics, Whiskers curled up beside the lemon, now a warm reminder of his afternoon adventure. As he drifted off to sleep, a tiny drop of lemon juice rolled off the fruit, landing softly on his nose, and he twitched in his dreams of citrus escapades.","Instruction: Write a short story containing an animal and a fruit.

Output: Whiskers, the mischievous tabby cat, spotted a plump raspberry resting on the windowsill, glistening in the afternoon sun. Intrigued, he hopped up and stretched a paw, batting the tiny fruit until it rolled precariously to the edge. Just as it teetered on the brink, he pounced, sending it tumbling to the floor where it burst open with a juicy splat. Startled, Whiskers leaped back, tail fluffed like a feather duster, before tentatively creeping forward to lick the delicious red smudge left behind. With a triumphant flick of his whiskers, he decided that perhaps this peculiar berry wasn’t so scary after all.",text_b
39,"Instruction: Write a short story containing an animal and a fruit.

Output: Whiskers, the mischievous tabby cat, found a bright lemon rolling off the kitchen counter and pounced on it with delight. Intrigued by its smooth, yellow surface, he swatted it across the floor, watching it bounce with every tap. Just as he got ready for one final pounce, the lemon burst open, releasing its tangy scent and startling him into a playful leap. Confused but intrigued, Whiskers began to bat at the pieces, treating them as treasures from a hidden garden. From that day on, the lemon became his favorite companion, a vibrant reminder that adventure could be found in the most unexpected places.","Instruction: Write a short story containing an animal and a fruit.

Output: Whiskers, the curious tabby, prowled through the garden when she spotted a glistening red raspberry nestled among the leaves. Intrigued, she batted it with her paw, sending it rolling across the dewy grass. The little fruit wobbled, making a sound that made her perk up her ears. In a spirited leap, she pounced, only to find herself tumbling head over paws, the raspberry escaping unscathed. As she regained her footing, Whiskers watched it roll into the sun, deciding that perhaps some things were better left uneaten.",text_b
41,"Instruction: Write a short story containing an animal and a fruit.

Output: Baxter, the scruffy terrier, had never tasted a lemon before. One sunny afternoon, he discovered a half-squished lemon lying on the porch, its citrus scent tantalizing his curious nose. With a playful bound, he pounced on it, rolling it across the floor with his paws, completely unaware of the tangy surprise it held. When he finally took a brave nibble, his face scrunched up in bewilderment, prompting a series of comical barks that echoed through the yard. From that day on, Baxter's adventures included finding more fruits to taste, but nothing could quite compare to that first, zesty encounter with the lemon.","Instruction: Write a short story containing an animal and a fruit.

Output: Baxter, the curious golden retriever, discovered a vibrant raspberry hidden among the bramble in the garden. With a playful wag of his tail, he nudged the berry with his nose, sending it tumbling down the slope. Intrigued, he trotted after it, snapping it up just as it rolled to a stop. To his surprise, the burst of sweet-tart flavor exploded in his mouth, making him wag his tail even harder. From that day forward, Baxter made it his mission to find and savor every raspberry in the garden, one delightful nibble at a time.",text_a
42,"Instruction: Write a short story containing an animal and a fruit.

Output: In a sunlit garden, Charlie the golden retriever discovered a plump, ripe raspberry hidden among the leaves. Curiosity stirred, he nudged it with his nose, watching as it rolled free and tumbled across the grass. With a playful bark, he pounced, his paws sending it flying into the air. As it landed with a soft splat, Charlie licked his lips, savoring the sweet burst of flavor. From that day on, every raspberry season brought a new adventure for Charlie, the garden explorer on a fruity quest.","Instruction: Write a short story containing an animal and a fruit.

Output: Whiskers the cat was lounging in a sunbeam when a bright, plump lemon rolled off the kitchen counter and landed right beside him. Curious, he gave it a gentle pawing, watching it wobble precariously before coming to a stop. Intrigued by this strange, yellow orb, he began to bat it playfully, imagining it was a mouse. Suddenly, the lemon burst open, its tangy scent filling the air, and Whiskers leaped back in surprise, his whiskers twitching. As he cautiously approached the citrus explosion, he realized that some surprises were worth the risk of a little sour—after all, adventure was just a paw’s swipe away.",text_a
43,"Instruction: Write a short story containing an animal and a fruit.

Output: Whiskers, the curious tabby, lounged lazily on the kitchen counter when a bright yellow lemon rolled off the edge and bounced onto the floor. Intrigued, he swatted at it with his paw, sending it skidding across the tiles. As the lemon came to a stop, it emitted a refreshing citrus scent that tickled his nose, prompting a playful pounce. In his excitement, he knocked it against the wall, watching it wobble before settling back down, as if teasing him to play. With a contented chirrup, Whiskers curled up next to his newfound toy, dreaming of sunny orchards and the mysteries of the world beyond the window.","Instruction: Write a short story containing an animal and a fruit.

Output: Baxter, the cheerful golden retriever, trotted through the sunlit garden, his eyes fixed on the bright yellow lemon that had fallen from the tree. Curiosity piqued, he nudged the citrus with his nose, sending it rolling across the grass. With a playful bark, he chased after it, delighting in the way it slipped and spun. Just as he pounced, the lemon burst open, releasing a tangy scent that made him stop in his tracks and sneeze. Confused but still wagging his tail, Baxter decided that maybe chasing balls was more his style.",text_b
44,"Instruction: Write a short story containing an animal and a fruit.

Output: Sophie the cat lounged lazily in the sun, her emerald eyes half-closed as she watched a ripe lemon roll across the patio. Intrigued by its vibrant yellow hue, she pounced, batting it with her paw until it tumbled off the edge and landed with a soft thud on the grass. As she cautiously approached, the tangy scent wafted up, and she wrinkled her nose in surprise. Determined to conquer this strange intruder, she swatted it again, only to find herself backpedaling as the lemon rolled away. With a disgruntled flick of her tail, Sophie decided that perhaps conquering the wild world wasn't worth the trouble of citrus tang.","Instruction: Write a short story containing an animal and a fruit.

Output: Whiskers, the curious cat, spotted a glistening raspberry nestled among the vibrant green leaves of the garden. Intrigued, she pawed gently at the plump fruit, causing it to roll and bounce playfully across the ground. With a swift leap, she chased it, her tail flicking in delight, until it came to a stop near a sunbeam. As she settled to catch her breath, Whiskers found herself captivated not just by the berry, but by the golden light that danced around her. In that serene moment, she realized that sometimes, the sweetest treasures are found in the simplest of pleasures.",text_b
46,"Instruction: Write a short story containing an animal and a fruit.

Output: Max the golden retriever trotted through the garden, his nose twitching with the sweet scent of ripe raspberries. With a playful leap, he snatched one from the bush, its red hue contrasting against his golden fur. Delighted, he dashed to his owner, wagging his tail and dropping the berry at her feet as if presenting a treasure. She laughed, picking it up and giving him a scratch behind the ears, promising a treat in return. From that day on, every raspberry season turned into a playful game, where fruit became both prize and bond between them.","Instruction: Write a short story containing an animal and a fruit.

Output: Whiskers the cat watched intently as a plump raspberry rolled off the kitchen counter and bounced onto the floor. Curious, he pounced, batting the vibrant red fruit with his paw, sending it skittering across the tiles. The raspberry danced in the sunlight, leaving a trail of juice as it went, capturing Whiskers's full attention. With a final leap, he captured his prize, only to discover that the sweet-tart flavor was rather puzzling. A satisfied purr rumbled from his chest as he settled down, contemplating the mysterious delight that had just turned his afternoon into an unexpected adventure.",text_b
47,"Instruction: Write a short story containing an animal and a fruit.

Output: Whiskers the cat lounged lazily in the afternoon sun, his gaze fixed on a bright yellow lemon that rolled slowly across the garden path. Curiosity piqued, he pounced, sending the citrus fruit bouncing into a patch of wildflowers. Intrigued by its zesty scent, he batted it playfully, only to find his paw slipping on the smooth surface, sending him tumbling backward into a rose bush. Dizzy but undeterred, Whiskers emerged with a petal crown and a newfound respect for lemons. From that day on, he kept a watchful eye on the sunny fruit, knowing adventure lurked in unexpected places.","Instruction: Write a short story containing an animal and a fruit.

Output: On a bright summer afternoon, Milo, a curious golden retriever, spotted a bright yellow lemon rolling across the yard. With a playful bark, he chased it, his tail wagging furiously as he caught the tangy treasure between his paws. Intrigued, he tilted his head and gave it a tentative lick, only to recoil at the sour surprise. Undeterred, he nudged it with his nose, sending it tumbling into the garden where it was promptly intercepted by a butterfly. As Milo watched the colorful creature dance around the lemon, he decided that sometimes, the joy of discovery was sweeter than any fruit.",text_b
48,"Instruction: Write a short story containing an animal and a fruit.

Output: Baxter, the scruffy terrier, had never tasted a lemon before. One sunny afternoon, he discovered a half-squished lemon lying on the porch, its citrus scent tantalizing his curious nose. With a playful bound, he pounced on it, rolling it across the floor with his paws, completely unaware of the tangy surprise it held. When he finally took a brave nibble, his face scrunched up in bewilderment, prompting a series of comical barks that echoed through the yard. From that day on, Baxter's adventures included finding more fruits to taste, but nothing could quite compare to that first, zesty encounter with the lemon.","Instruction: Write a short story containing an animal and a fruit.

Output: Whiskers, the curious tabby cat, prowled through the garden, her emerald eyes scanning for any signs of mischief. Suddenly, she caught a glimpse of a plump raspberry gleaming in the sunlight, nestled among the leaves. With a swift pounce, she batted the berry, sending it rolling across the dirt, its vivid red hue contrasting against the earthy tones. Intrigued, Whiskers chased after it, only to discover that the tart scent invited her to nibble, leaving her with a bewildered look and a hesitant lick of the juice on her paw. From that day on, the raspberry became her secret treasure, signaling the start of many playful afternoons in the garden.",text_b
50,"Instruction: Write a short story containing an animal and a fruit.

Output: Whiskers the cat prowled through the garden, his keen eyes catching a glimpse of a shiny red raspberry nestled among the leaves. Intrigued, he pounced, thinking it was a tempting toy. With a gentle nudge, the raspberry rolled away, and Whiskers chased it, his paws tapping softly on the earth. As he finally caught up, he sniffed the sweet fruit and decided it was far too delicious to ignore. With a satisfied flick of his tail, he plopped down to enjoy the unexpected treat, a happy purr rumbling from his chest.","Instruction: Write a short story containing an animal and a fruit.

Output: Whiskers, the mischievous tabby, perched on the kitchen counter, his amber eyes wide with curiosity. Beneath his paw lay a bright yellow lemon, gleaming like a tiny sun. With a swift swipe, he sent it rolling across the floor, the citrus fruit bouncing in unpredictable directions. Intrigued by the chase, Whiskers pounced and skidded to a halt, surprised as the lemon squished under his weight. The zesty aroma filled the air, and as he stepped back, a newfound respect for the quirky fruit blossomed in his feline heart.",text_a
51,"Instruction: Write a short story containing an animal and a fruit.

Output: In a sun-drenched garden, a playful golden retriever named Charlie bounded among the bushes, his nose twitching with excitement. Suddenly, he caught scent of something sweet and tart; a plump raspberry dangling from a thorny stem. With a gentle nudge of his snout, he plucked the berry from its perch, vibrant juice staining his furry muzzle. Delighted by his discovery, he trotted back to his owner, presenting the prize as if it were a trophy. They both laughed, sharing a moment of joy, as Charlie happily licked the berry juices from his face, scrambling for more treasures in the garden.","Instruction: Write a short story containing an animal and a fruit.

Output: Whiskers, the mischievous tabby, perched on the kitchen counter, his amber eyes wide with curiosity. Beneath his paw lay a bright yellow lemon, gleaming like a tiny sun. With a swift swipe, he sent it rolling across the floor, the citrus fruit bouncing in unpredictable directions. Intrigued by the chase, Whiskers pounced and skidded to a halt, surprised as the lemon squished under his weight. The zesty aroma filled the air, and as he stepped back, a newfound respect for the quirky fruit blossomed in his feline heart.",text_a
52,"Instruction: Write a short story containing an animal and a fruit.

Output: On a sun-drenched afternoon, a curious tabby named Whiskers discovered a plump lemon rolling across the garden path. Intrigued by its bright color and zesty aroma, she pounced on it, sending it skittering down the way. As it came to a stop, she batted it again, only to be surprised by a burst of tart scent that tickled her nose. Repulsed yet fascinated, Whiskers stared at the lemon as if it had just proposed a duel. In her mind, it was a worthy opponent, and though she hesitated, she knew the battle for her garden wouldn’t end until the lemon was conquered.","Instruction: Write a short story containing an animal and a fruit.

Output: Baxter, the scruffy terrier, had never tasted a lemon before. One sunny afternoon, he discovered a half-squished lemon lying on the porch, its citrus scent tantalizing his curious nose. With a playful bound, he pounced on it, rolling it across the floor with his paws, completely unaware of the tangy surprise it held. When he finally took a brave nibble, his face scrunched up in bewilderment, prompting a series of comical barks that echoed through the yard. From that day on, Baxter's adventures included finding more fruits to taste, but nothing could quite compare to that first, zesty encounter with the lemon.",text_b
53,"Instruction: Write a short story containing an animal and a fruit.

Output: Baxter, the golden retriever, trotted happily through the sunny park, a bright yellow lemon clutched in his mouth. He had spotted it rolling away from a picnic blanket and thought it must be a new toy. Curious onlookers giggled as he playfully dropped it, only to chase it down again, his tail wagging furiously. With each joyous pounce, the sour scent filled the air, causing his canine friends to sniff with bewilderment. In the end, Baxter decided he'd had enough fun and pranced away, leaving the perplexed lemon behind, as if it were a puzzle only he could understand.","Instruction: Write a short story containing an animal and a fruit.

Output: Whiskers the cat lounged lazily in the afternoon sun, dreaming of adventures, when a sudden gust of wind sent a bright yellow lemon rolling across the porch. Intrigued, she pounced, batting the citrus fruit with her paw, sending it tumbling into the flower bed. The lemon's zest burst forth, flooding the air with a tangy aroma that made Whiskers pause. With a flick of her tail and a dash of curiosity, she took a tentative lick, her eyes widening at the unexpected burst of flavor. From that day on, the lemon became her favorite toy, a zesty companion in her sun-soaked escapades.",text_a
56,"Instruction: Write a short story containing an animal and a fruit.

Output: In a sunlit garden, Charlie the golden retriever discovered a plump, ripe raspberry hidden among the leaves. Curiosity stirred, he nudged it with his nose, watching as it rolled free and tumbled across the grass. With a playful bark, he pounced, his paws sending it flying into the air. As it landed with a soft splat, Charlie licked his lips, savoring the sweet burst of flavor. From that day on, every raspberry season brought a new adventure for Charlie, the garden explorer on a fruity quest.","Instruction: Write a short story containing an animal and a fruit.

Output: Baxter, the golden retriever, had always been curious about the strange yellow fruit that rolled off the kitchen counter. One sunny afternoon, he nudged the lemon with his nose, watching in fascination as it tumbled across the floor. With a playful bark, he pounced, catching it in his mouth, only to be startled by its sharp tang. After a cautious taste, he decided the lemon was not to his liking and dropped it, where it landed near his owner, who laughed and picked it up. From that day on, whenever the scent of citrus filled the air, Baxter would wag his tail in anticipation—not for the fruit, but for the fun that usually followed.",text_b
58,"Instruction: Write a short story containing an animal and a fruit.

Output: Whiskers, the curious tabby cat, prowled through the garden, her emerald eyes scanning for any signs of mischief. Suddenly, she caught a glimpse of a plump raspberry gleaming in the sunlight, nestled among the leaves. With a swift pounce, she batted the berry, sending it rolling across the dirt, its vivid red hue contrasting against the earthy tones. Intrigued, Whiskers chased after it, only to discover that the tart scent invited her to nibble, leaving her with a bewildered look and a hesitant lick of the juice on her paw. From that day on, the raspberry became her secret treasure, signaling the start of many playful afternoons in the garden.","Instruction: Write a short story containing an animal and a fruit.

Output: Baxter, the golden retriever, had always been curious about the strange yellow fruit that rolled off the kitchen counter. One sunny afternoon, he nudged the lemon with his nose, watching in fascination as it tumbled across the floor. With a playful bark, he pounced, catching it in his mouth, only to be startled by its sharp tang. After a cautious taste, he decided the lemon was not to his liking and dropped it, where it landed near his owner, who laughed and picked it up. From that day on, whenever the scent of citrus filled the air, Baxter would wag his tail in anticipation—not for the fruit, but for the fun that usually followed.",text_a
59,"Instruction: Write a short story containing an animal and a fruit.

Output: In a sunlit garden, a curious golden retriever named Buddy discovered a plump, ripe raspberry dangling from a bush. With a gentle nudge of his nose, he knocked it to the ground, watching it roll away with delight. Sensing a game, he chased after the berry, pouncing and tumbling in the soft grass. Eventually, he caught up to it, delicately picking it up in his mouth, but instead of eating it, he presented the tiny treasure to his owner with a proud wag of his tail. Together, they shared a laugh, as Buddy's first raspberry became the sweetest treat of all.","Instruction: Write a short story containing an animal and a fruit.

Output: Whiskers the cat lounged lazily on the windowsill, eyeing the vibrant lemon resting on the kitchen counter. Intrigued by its bright yellow hue, he leaped down and cautiously approached, his whiskers twitching with curiosity. With a gentle paw, he nudged the lemon, sending it rolling to the floor with a comical thud. In an instant, it split open, releasing a tangy aroma that made Whiskers wrinkle his nose in surprise. As he backed away, he decided that maybe some mysteries were better left unsolved, and he returned to his sunny perch, dreaming of fish instead.",text_a
60,"Instruction: Write a short story containing an animal and a fruit.

Output: Whiskers, the fluffy orange cat, lounged in the sunbeam streaming through the kitchen window, his gaze fixed on a bright lemon rolling across the counter. With a swift leap, he pounced, sending the lemon tumbling to the floor, where it rolled like a small, yellow bouncy ball. Intrigued, he chased it around the kitchen, his paws slapping against the tile like a playful drumbeat. Suddenly, he halted and sniffed the lemon, his whiskers twitching at the unfamiliar citrus scent. In a moment of feline finesse, he turned away, deciding that some treasures were better left untouched.","Instruction: Write a short story containing an animal and a fruit.

Output: Whiskers, the curious cat, spotted a glistening raspberry nestled among the vibrant green leaves of the garden. Intrigued, she pawed gently at the plump fruit, causing it to roll and bounce playfully across the ground. With a swift leap, she chased it, her tail flicking in delight, until it came to a stop near a sunbeam. As she settled to catch her breath, Whiskers found herself captivated not just by the berry, but by the golden light that danced around her. In that serene moment, she realized that sometimes, the sweetest treasures are found in the simplest of pleasures.",text_b
61,"Instruction: Write a short story containing an animal and a fruit.

Output: Whiskers, the mischievous tabby cat, found a bright lemon rolling off the kitchen counter and pounced on it with delight. Intrigued by its smooth, yellow surface, he swatted it across the floor, watching it bounce with every tap. Just as he got ready for one final pounce, the lemon burst open, releasing its tangy scent and startling him into a playful leap. Confused but intrigued, Whiskers began to bat at the pieces, treating them as treasures from a hidden garden. From that day on, the lemon became his favorite companion, a vibrant reminder that adventure could be found in the most unexpected places.","Instruction: Write a short story containing an animal and a fruit.

Output: Whiskers the cat watched intently as a plump raspberry rolled off the kitchen counter and bounced onto the floor. Curious, he pounced, batting the vibrant red fruit with his paw, sending it skittering across the tiles. The raspberry danced in the sunlight, leaving a trail of juice as it went, capturing Whiskers's full attention. With a final leap, he captured his prize, only to discover that the sweet-tart flavor was rather puzzling. A satisfied purr rumbled from his chest as he settled down, contemplating the mysterious delight that had just turned his afternoon into an unexpected adventure.",text_b
63,"Instruction: Write a short story containing an animal and a fruit.

Output: On a sun-drenched afternoon, a curious tabby named Whiskers discovered a plump lemon rolling across the garden path. Intrigued by its bright color and zesty aroma, she pounced on it, sending it skittering down the way. As it came to a stop, she batted it again, only to be surprised by a burst of tart scent that tickled her nose. Repulsed yet fascinated, Whiskers stared at the lemon as if it had just proposed a duel. In her mind, it was a worthy opponent, and though she hesitated, she knew the battle for her garden wouldn’t end until the lemon was conquered.","Instruction: Write a short story containing an animal and a fruit.

Output: On a sunny afternoon, Benny the golden retriever stumbled upon a bright yellow lemon rolling across the yard. Curiously, he nudged it with his nose, sending it spiraling into a patch of daisies. Intrigued by its sudden journey, he chased after it, his tail wagging furiously. As he caught up, he happily pounced on the lemon, only to reel back in surprise at its tart scent. With a confused woof, he decided it was best to stick to his favorite tennis ball instead.",text_b
64,"Instruction: Write a short story containing an animal and a fruit.

Output: Baxter, the cheerful golden retriever, bounded through the garden, his nose twitching with excitement as he caught the tangy scent of ripe lemons. His owner, Claire, had left one on the ground, and with a mischievous glint in his eye, he picked it up and playfully tossed it in the air. The lemon rolled away, and Baxter chased after it, his paws clattering against the cobblestones, only to stop short when he realized it couldn’t fetch back. Curiously, he nudged it with his nose, causing a burst of yellow juice to splatter on his face, much to Claire's amusement. With a happy bark, Baxter decided that he loved lemons, even if they didn't fetch.","Instruction: Write a short story containing an animal and a fruit.

Output: Whiskers, the mischievous tabby, perched on the kitchen counter, his amber eyes wide with curiosity. Beneath his paw lay a bright yellow lemon, gleaming like a tiny sun. With a swift swipe, he sent it rolling across the floor, the citrus fruit bouncing in unpredictable directions. Intrigued by the chase, Whiskers pounced and skidded to a halt, surprised as the lemon squished under his weight. The zesty aroma filled the air, and as he stepped back, a newfound respect for the quirky fruit blossomed in his feline heart.",text_a
65,"Instruction: Write a short story containing an animal and a fruit.

Output: On a bright summer afternoon, a curious golden retriever named Benny sniffed out something unusual in the garden—a ripe raspberry tucked beneath a sprawling bush. With a gentle nudge of his nose, he dislodged the plump fruit, sending it tumbling across the ground. Intrigued, Benny chased it, barking joyfully as it rolled and bounced along the soft grass. When he finally caught up, he gently picked it up, tilting his head in confusion at this unexpected treasure. To his delight, his owner appeared, laughing as she offered Benny a treat, but he proudly sat, presenting the raspberry as if it were the finest prize.","Instruction: Write a short story containing an animal and a fruit.

Output: Whiskers, the curious tabby cat, spotted a glistening raspberry sitting atop the kitchen counter, its vibrant red hue calling to her like a forbidden gem. With a nimble leap, she landed beside the fruit, her whiskers twitching in anticipation. Just as she was about to bat it off the edge, her owner walked in, startling her into a playful pounce. The raspberry rolled away, escaping her grasp, and found its way under the table, where it lay in solitude. Whiskers sat, tail flicking, plotting her next move—the hunt was on, and nothing could distract her from her fruity prey.",text_b
67,"Instruction: Write a short story containing an animal and a fruit.

Output: In a sunny backyard, a curious golden retriever named Charlie discovered a bright yellow lemon that had rolled from the picnic table. Intrigued, he nudged it with his nose, only to watch it bounce away like a playful ball. As he chased it across the grass, Charlie couldn't help but bark excitedly, while the lemon rolled into a patch of daisies. When he finally caught up, he proudly picked it up, only to be met with a bewildered look from his owner, who laughed at the sight. From that day on, Charlie and his new citrus friend became inseparable, bringing joyful chaos to every sunny afternoon.","Instruction: Write a short story containing an animal and a fruit.

Output: On a sun-drenched afternoon, a curious tabby named Whiskers discovered a plump lemon rolling across the garden path. Intrigued by its bright color and zesty aroma, she pounced on it, sending it skittering down the way. As it came to a stop, she batted it again, only to be surprised by a burst of tart scent that tickled her nose. Repulsed yet fascinated, Whiskers stared at the lemon as if it had just proposed a duel. In her mind, it was a worthy opponent, and though she hesitated, she knew the battle for her garden wouldn’t end until the lemon was conquered.",text_a
69,"Instruction: Write a short story containing an animal and a fruit.

Output: In a sun-drenched garden, a playful golden retriever named Charlie bounded among the bushes, his nose twitching with excitement. Suddenly, he caught scent of something sweet and tart; a plump raspberry dangling from a thorny stem. With a gentle nudge of his snout, he plucked the berry from its perch, vibrant juice staining his furry muzzle. Delighted by his discovery, he trotted back to his owner, presenting the prize as if it were a trophy. They both laughed, sharing a moment of joy, as Charlie happily licked the berry juices from his face, scrambling for more treasures in the garden.","Instruction: Write a short story containing an animal and a fruit.

Output: Buster, a scruffy terrier with a nose for mischief, stumbled upon a bright yellow lemon rolling across the yard. Intrigued, he pounced and sent it skidding under the garden gate, where it landed in a patch of daisies. With a playful bark, Buster chased after it, the citrus scent igniting a spark of excitement. As he grabbed the lemon in his mouth, the tart juice burst forth, making him yelp and drop it in surprise. Satisfied with his adventure, Buster trotted back to his sunny spot, leaving the lemon to bask in the warmth of the afternoon sun.",text_b
70,"Instruction: Write a short story containing an animal and a fruit.

Output: Whiskers the cat lounged lazily in the afternoon sun, dreaming of adventures, when a sudden gust of wind sent a bright yellow lemon rolling across the porch. Intrigued, she pounced, batting the citrus fruit with her paw, sending it tumbling into the flower bed. The lemon's zest burst forth, flooding the air with a tangy aroma that made Whiskers pause. With a flick of her tail and a dash of curiosity, she took a tentative lick, her eyes widening at the unexpected burst of flavor. From that day on, the lemon became her favorite toy, a zesty companion in her sun-soaked escapades.","Instruction: Write a short story containing an animal and a fruit.

Output: Baxter the golden retriever sniffed curiously at the bright yellow lemon that had rolled off the kitchen counter and onto the floor. With a playful bounce, he nudged it with his nose, watching it tumble across the tile. Intrigued, he grabbed it with his mouth, only to recoil at the sour burst of flavor that spread across his tongue. Shaking his head, he dropped the lemon and trotted away, leaving it to roll to a stop beneath the table. Moments later, he returned with his favorite ball, ready for a game that didn’t involve sour surprises.",text_b
71,"Instruction: Write a short story containing an animal and a fruit.

Output: In the midst of summer, a furry tabby named Whiskers lounged on the windowsill, basking in the sun's warm glow. One day, a plump raspberry rolled off the kitchen counter, escaping the baker's careless grip as she measured out her ingredients. Intrigued by the vibrant red fruit, Whiskers leaped down and batted it playfully across the floor, its juicy sweetness leaving a trail of crimson on his paws. Suddenly, he found himself licking the residue, his taste buds awakening in delight. From that day on, every time the baker made her famous tarts, Whiskers patiently waited by the counter, dreaming of more raspberry adventures.","Instruction: Write a short story containing an animal and a fruit.

Output: Baxter, a mischievous golden retriever, caught a whiff of something tangy wafting from the kitchen. With a wag of his tail and a bound, he dashed inside to find a lemon rolling off the countertop. Curiosity piqued, he nudged it with his nose, sending it tumbling across the floor. As he chased it, the bright, zesty scent filled the air, and with one triumphant bite, he discovered that this citrus fruit wasn’t meant for playful pups. He promptly looked up at his owner, his face twisted in confusion, as if to say, “What’s so special about this sour ball?”",text_a
72,"Instruction: Write a short story containing an animal and a fruit.

Output: Whiskers, a sleek gray cat with mismatched eyes, sat perched on the kitchen counter, her gaze fixed intently on a bright yellow lemon rolling to and fro on the cutting board. With a playful pounce, she sent the lemon tumbling to the floor, where it bounced with a curious wobble. Intrigued, she bat at it again, her paws dancing around the citrus orb as it rolled under the table. Just as Whiskers dove to catch her prize, her owner entered, laughing at the sight of the unexpected feline-lemon showdown. With a triumphant chirp, Whiskers fetched her prize back to the surface, only to abandon it for a sunbeam, the lemon left to its quiet, lonely shine.","Instruction: Write a short story containing an animal and a fruit.

Output: On a sunny afternoon, a curious golden retriever named Buddy wandered into the garden, his nose twitching with excitement. There, nestled among the leaves, he found a plump, red raspberry glistening in the sunlight. With a gentle nudge, he knocked it loose, watching it roll across the ground with wide eyes. As he pounced after it, the raspberry squished between his paws, sending a burst of sweet juice into the air. Happy with his find, Buddy trotted back to his owner, leaving a trail of red paw prints behind him.",text_b
74,"Instruction: Write a short story containing an animal and a fruit.

Output: Whiskers, the mischievous tabby cat, found a bright lemon rolling off the kitchen counter and pounced on it with delight. Intrigued by its smooth, yellow surface, he swatted it across the floor, watching it bounce with every tap. Just as he got ready for one final pounce, the lemon burst open, releasing its tangy scent and startling him into a playful leap. Confused but intrigued, Whiskers began to bat at the pieces, treating them as treasures from a hidden garden. From that day on, the lemon became his favorite companion, a vibrant reminder that adventure could be found in the most unexpected places.","Instruction: Write a short story containing an animal and a fruit.

Output: In a sunlit backyard, Charlie the dog frolicked among the daisies, his tail wagging like a little flag. Suddenly, he spotted a bright yellow object rolling across the grass—an abandoned lemon from the picnic table. Intrigued, Charlie pounced on it, his nose crinkling at the sour scent, but he couldn't resist the playful chase it inspired. With a joyful bark, he began to toss the lemon in the air, its zesty aroma filling the air as he spun in circles. As the sun dipped below the horizon, Charlie lay contentedly among the daisies, the lemon forgotten but the joy of play forever etched in his heart.",text_b
75,"Instruction: Write a short story containing an animal and a fruit.

Output: In the midst of summer, a furry tabby named Whiskers lounged on the windowsill, basking in the sun's warm glow. One day, a plump raspberry rolled off the kitchen counter, escaping the baker's careless grip as she measured out her ingredients. Intrigued by the vibrant red fruit, Whiskers leaped down and batted it playfully across the floor, its juicy sweetness leaving a trail of crimson on his paws. Suddenly, he found himself licking the residue, his taste buds awakening in delight. From that day on, every time the baker made her famous tarts, Whiskers patiently waited by the counter, dreaming of more raspberry adventures.","Instruction: Write a short story containing an animal and a fruit.

Output: Max the golden retriever trotted through the garden, his nose twitching with the sweet scent of ripe raspberries. With a playful leap, he snatched one from the bush, its red hue contrasting against his golden fur. Delighted, he dashed to his owner, wagging his tail and dropping the berry at her feet as if presenting a treasure. She laughed, picking it up and giving him a scratch behind the ears, promising a treat in return. From that day on, every raspberry season turned into a playful game, where fruit became both prize and bond between them.",text_a
76,"Instruction: Write a short story containing an animal and a fruit.

Output: Whiskers the cat prowled around the kitchen, her emerald eyes fixated on a bright yellow lemon perched on the countertop. With a swift leap, she knocked it off, watching in delight as it rolled across the floor. Intrigued, she batted it with her paw, only to recoil when the tangy scent filled the air. Deciding it was too sour for her liking, she settled down next to the fruit and let out a contented purr, claiming it as her new toy. From that day on, the lemon became an odd companion, a testament to Whiskers' curiosity and the simple joys of feline life.","Instruction: Write a short story containing an animal and a fruit.

Output: Whiskers the cat prowled through the garden, his keen eyes catching a glimpse of a shiny red raspberry nestled among the leaves. Intrigued, he pounced, thinking it was a tempting toy. With a gentle nudge, the raspberry rolled away, and Whiskers chased it, his paws tapping softly on the earth. As he finally caught up, he sniffed the sweet fruit and decided it was far too delicious to ignore. With a satisfied flick of his tail, he plopped down to enjoy the unexpected treat, a happy purr rumbling from his chest.",text_b
78,"Instruction: Write a short story containing an animal and a fruit.

Output: Whiskers the cat lounged lazily on the sun-warmed windowsill, his emerald eyes fixated on a bright yellow lemon that had rolled off the kitchen counter. Intrigued, he leapt down and batted the citrus fruit with his paw, sending it skidding across the floor. To his surprise, the lemon released a tangy scent that made him sneeze, startling him into a playful frenzy. He pounced and chased it until it finally came to a stop, resting at the feet of his owner, who chuckled at the sight. From that day on, the lemon became Whiskers’ most entertaining toy, a zesty companion for his afternoon antics.","Instruction: Write a short story containing an animal and a fruit.

Output: Whiskers the cat prowled through the garden, her emerald eyes glinting with curiosity. Spotting a vibrant raspberry nestled among the leaves, she snatched it up, intrigued by its plumpness and hue. With a playful flick of her paw, she rolled it across the grass, chasing it like a tiny, fragrant prey. As the berry squished under her weight, its sweet scent filled the air, drawing a puzzled glance from her human, who watched from the patio. In that moment, Whiskers decided that the raspberry was no ordinary fruit; it was her prized trophy, and she would defend it against all odds.",text_b
79,"Instruction: Write a short story containing an animal and a fruit.

Output: Whiskers the cat crouched low beside the raspberry bush, his tail twitching with anticipation. A single, plump raspberry dangled enticingly from a branch, glistening in the afternoon sun. With a swift leap, he knocked it to the ground, watching it roll away with wide, curious eyes. To his surprise, a tiny creature scuttled out from under the leaves, chasing after the berry with a squeak of delight. Whiskers, intrigued, decided to follow the unlikely duo, embarking on an unexpected adventure filled with laughter and newfound friendship.","Instruction: Write a short story containing an animal and a fruit.

Output: On a warm afternoon, a curious cat named Whiskers discovered a bright yellow lemon lying in the garden. Intrigued by its color and scent, he batted at it playfully, sending it rolling across the grass. As the lemon came to a stop by the flowerbed, Whiskers pounced, only to be met with a sour surprise that made him recoil in confusion. Shaking his head and licking his paws, he decided that perhaps chasing butterflies was a better way to spend the day. With one last puzzled glance at the lemon, he pranced off, leaving the citrus fruit to sit in the sun.",text_a
80,"Instruction: Write a short story containing an animal and a fruit.

Output: Whiskers, the curious tabby, lounged lazily on the kitchen counter when a bright yellow lemon rolled off the edge and bounced onto the floor. Intrigued, he swatted at it with his paw, sending it skidding across the tiles. As the lemon came to a stop, it emitted a refreshing citrus scent that tickled his nose, prompting a playful pounce. In his excitement, he knocked it against the wall, watching it wobble before settling back down, as if teasing him to play. With a contented chirrup, Whiskers curled up next to his newfound toy, dreaming of sunny orchards and the mysteries of the world beyond the window.","Instruction: Write a short story containing an animal and a fruit.

Output: Benny, a golden retriever with boundless energy, sprinted through the garden, nose raised to the air, following an enticing scent. His keen senses led him to a vibrant patch of raspberry bushes, their plump, red fruits glistening in the afternoon sun. With a playful leap, he snatched one ripe raspberry off the lowest branch, savoring its sweet-tart flavor with an excited wag of his tail. Just then, his owner, Clara, stepped outside, laughing as she watched her beloved dog relish his unexpected treat. From that day on, Benny became the self-appointed guardian of the raspberry patch, always ready to taste the summer's bounty.",text_b
81,"Instruction: Write a short story containing an animal and a fruit.

Output: Whiskers, the mischievous tabby, watched intently as the plump raspberry rolled off the kitchen counter, its ruby hue glistening in the sunlight. With a swift leap, he pounced, batting the berry across the floor like a tiny soccer ball. Each time the raspberry veered away, it taunted him, as if it had a mind of its own. Finally, with one triumphant swipe of his paw, he sent it sailing into his food bowl, claiming victory. Purring contentedly, Whiskers settled down for a nap, the sweet scent of fruity conquest lingering in the air.","Instruction: Write a short story containing an animal and a fruit.

Output: In a sun-drenched garden, a curious dog named Finn stumbled upon a plump, ripe raspberry hanging from a low bush. Intrigued by its vibrant color, he sniffed it and wagged his tail, convinced it was a new kind of toy. With a quick swipe of his paw, he sent the berry flying, watching it bounce and roll across the grass. Just as he pounced to catch it, his playful leap sent him tumbling into a patch of daisies, a comical explosion of petals surrounding him. Finn emerged, joyful and slightly dazed, with a raspberry squished beneath his paw, reminding him that sometimes life's simplest pleasures come with a little mess.",text_a
83,"Instruction: Write a short story containing an animal and a fruit.

Output: Baxter, a mischievous golden retriever, caught a whiff of something tangy wafting from the kitchen. With a wag of his tail and a bound, he dashed inside to find a lemon rolling off the countertop. Curiosity piqued, he nudged it with his nose, sending it tumbling across the floor. As he chased it, the bright, zesty scent filled the air, and with one triumphant bite, he discovered that this citrus fruit wasn’t meant for playful pups. He promptly looked up at his owner, his face twisted in confusion, as if to say, “What’s so special about this sour ball?”","Instruction: Write a short story containing an animal and a fruit.

Output: Whiskers the cat lounged lazily on the sun-warmed windowsill, his emerald eyes fixated on a bright yellow lemon that had rolled off the kitchen counter. Intrigued, he leapt down and batted the citrus fruit with his paw, sending it skidding across the floor. To his surprise, the lemon released a tangy scent that made him sneeze, startling him into a playful frenzy. He pounced and chased it until it finally came to a stop, resting at the feet of his owner, who chuckled at the sight. From that day on, the lemon became Whiskers’ most entertaining toy, a zesty companion for his afternoon antics.",text_a
85,"Instruction: Write a short story containing an animal and a fruit.

Output: In the sun-drenched garden, a mischievous golden retriever named Benny stumbled upon a plump, ripe raspberry nestled among the thorny bushes. Curiosity piqued, he sniffed the bright red fruit and, seeing no one around, gently picked it up with his mouth. With a playful wag of his tail, he bounded back to his owner, who was sipping lemonade on the porch. Just as he dropped the berry at her feet, a startled squirrel darted by, causing Benny to leap in surprise, sending the raspberry tumbling into the air. As they both watched it fall, the sweet treat landed perfectly on Benny's nose, and in that moment, they both burst into laughter—owners and pets alike finding joy in a simple day.","Instruction: Write a short story containing an animal and a fruit.

Output: Buster, a scruffy terrier with a nose for mischief, stumbled upon a bright yellow lemon rolling across the yard. Intrigued, he pounced and sent it skidding under the garden gate, where it landed in a patch of daisies. With a playful bark, Buster chased after it, the citrus scent igniting a spark of excitement. As he grabbed the lemon in his mouth, the tart juice burst forth, making him yelp and drop it in surprise. Satisfied with his adventure, Buster trotted back to his sunny spot, leaving the lemon to bask in the warmth of the afternoon sun.",text_b
86,"Instruction: Write a short story containing an animal and a fruit.

Output: Whiskers, the curious tabby, lounged lazily on the kitchen counter when a bright yellow lemon rolled off the edge and bounced onto the floor. Intrigued, he swatted at it with his paw, sending it skidding across the tiles. As the lemon came to a stop, it emitted a refreshing citrus scent that tickled his nose, prompting a playful pounce. In his excitement, he knocked it against the wall, watching it wobble before settling back down, as if teasing him to play. With a contented chirrup, Whiskers curled up next to his newfound toy, dreaming of sunny orchards and the mysteries of the world beyond the window.","Instruction: Write a short story containing an animal and a fruit.

Output: On a sunny afternoon, Whiskers the cat spotted a bright red raspberry nestled among the garden's green leaves. With a playful pounce, he knocked it loose, watching it roll away like a little ruby on the grass. Intrigued, he chased after it, his paws dancing across the ground, but just as he caught up, a gentle breeze sent the raspberry tumbling into a patch of clover. Whiskers paused, tilting his head, then plopped down beside it, surrendering to the simple joy of the moment. Sometimes, he thought, the best treasures are the ones you never truly catch.",text_b
90,"Instruction: Write a short story containing an animal and a fruit.

Output: Benny, the golden retriever, sniffed curiously at the bush in the backyard and unearthed a ripe raspberry nestled among the leaves. With a quick flick of his tongue, he devoured the berry, its sweetness bursting in his mouth like a tiny firework. After the unexpected treat, Benny raced around the yard, leaping and bounding as if the raspberry had given him superpowers. His owner, Mira, watched with a smile, enchanted by his goofy antics. From that day on, every summer afternoon was filled with Benny's joyful frolics, all sparked by a simple raspberry.","Instruction: Write a short story containing an animal and a fruit.

Output: In a quiet corner of the sun-drenched kitchen, Whiskers the cat sat perched on the windowsill, watching with keen eyes as a plump raspberry rolled off the counter. It wobbled and tumbled, coming to rest just in front of him, its crimson hue gleaming like a jewel. Curiosity piqued, Whiskers pawed at the berry, sending it skittering across the floor, where it left a tiny trail of juice. Delighted, he chased the sweet treat, oblivious to the kitchen’s chaos, until he finally caught it between his paws. With a playful nibble, he realized that sometimes, the simplest things—like a raspberry—could turn an ordinary afternoon into a grand adventure.",text_b
91,"Instruction: Write a short story containing an animal and a fruit.

Output: On a sunny afternoon, a curious cat named Whiskers discovered a plump lemon rolling lazily across the garden. Captivated by its bright yellow hue, he pounced, sending the fruit skittering into a patch of daisies. With each swat, the citrus released a tangy aroma that filled the air, delighting both Whiskers and the nearby bumblebees. Suddenly, an adventurous bee buzzed too close, startling Whiskers and causing him to leap back with a surprised yowl. As the lemon came to rest at his paws, he plopped down, deciding it was the most intriguing toy he'd ever found.","Instruction: Write a short story containing an animal and a fruit.

Output: In a sunlit backyard, Charlie the dog frolicked among the daisies, his tail wagging like a little flag. Suddenly, he spotted a bright yellow object rolling across the grass—an abandoned lemon from the picnic table. Intrigued, Charlie pounced on it, his nose crinkling at the sour scent, but he couldn't resist the playful chase it inspired. With a joyful bark, he began to toss the lemon in the air, its zesty aroma filling the air as he spun in circles. As the sun dipped below the horizon, Charlie lay contentedly among the daisies, the lemon forgotten but the joy of play forever etched in his heart.",text_b
92,"Instruction: Write a short story containing an animal and a fruit.

Output: Whiskers the cat prowled around the kitchen, her emerald eyes fixated on a bright yellow lemon perched on the countertop. With a swift leap, she knocked it off, watching in delight as it rolled across the floor. Intrigued, she batted it with her paw, only to recoil when the tangy scent filled the air. Deciding it was too sour for her liking, she settled down next to the fruit and let out a contented purr, claiming it as her new toy. From that day on, the lemon became an odd companion, a testament to Whiskers' curiosity and the simple joys of feline life.","Instruction: Write a short story containing an animal and a fruit.

Output: In a sunlit kitchen, a curious cat named Whiskers spotted a bright red raspberry sitting atop the countertop. With a swift leap, he knocked it to the floor, where it rolled enticingly, leaving a trail of juice in its wake. Whiskers chased it across the tiles, pouncing and batting at it with gleeful abandon. Just as he was about to take a triumphant bite, his owner walked in, laughter erupting at the sight of the esteemed feline caught in a berry battle. Defeated yet amused, Whiskers settled for a scratch behind the ears, the raspberry forgotten but the joy of the chase lingering in his heart.",text_b
93,"Instruction: Write a short story containing an animal and a fruit.

Output: In a sun-drenched garden, a curious dog named Finn stumbled upon a plump, ripe raspberry hanging from a low bush. Intrigued by its vibrant color, he sniffed it and wagged his tail, convinced it was a new kind of toy. With a quick swipe of his paw, he sent the berry flying, watching it bounce and roll across the grass. Just as he pounced to catch it, his playful leap sent him tumbling into a patch of daisies, a comical explosion of petals surrounding him. Finn emerged, joyful and slightly dazed, with a raspberry squished beneath his paw, reminding him that sometimes life's simplest pleasures come with a little mess.","Instruction: Write a short story containing an animal and a fruit.

Output: Whiskers the cat prowled through the garden, his keen eyes catching a glimpse of a shiny red raspberry nestled among the leaves. Intrigued, he pounced, thinking it was a tempting toy. With a gentle nudge, the raspberry rolled away, and Whiskers chased it, his paws tapping softly on the earth. As he finally caught up, he sniffed the sweet fruit and decided it was far too delicious to ignore. With a satisfied flick of his tail, he plopped down to enjoy the unexpected treat, a happy purr rumbling from his chest.",text_b
95,"Instruction: Write a short story containing an animal and a fruit.

Output: Baxter, a mischievous golden retriever, caught a whiff of something tangy wafting from the kitchen. With a wag of his tail and a bound, he dashed inside to find a lemon rolling off the countertop. Curiosity piqued, he nudged it with his nose, sending it tumbling across the floor. As he chased it, the bright, zesty scent filled the air, and with one triumphant bite, he discovered that this citrus fruit wasn’t meant for playful pups. He promptly looked up at his owner, his face twisted in confusion, as if to say, “What’s so special about this sour ball?”","Instruction: Write a short story containing an animal and a fruit.

Output: Whiskers, the mischievous tabby, lounged lazily in the sunlit kitchen when a bright yellow lemon slid off the counter and rolled towards him. Intrigued, he pounced, sending the lemon bouncing across the tiled floor. With each playful swat, the citrus fruit emitted a zesty aroma, causing Whiskers to sneeze adorably as he chased it. Eventually, he cornered it beneath the pantry, only to discover he preferred his toys soft and furry. With a huff, he curled back into his sunny spot, dreaming of catnip instead of citrus.",text_a
96,"Instruction: Write a short story containing an animal and a fruit.

Output: Baxter, the golden retriever, trotted happily through the sunny park, a bright yellow lemon clutched in his mouth. He had spotted it rolling away from a picnic blanket and thought it must be a new toy. Curious onlookers giggled as he playfully dropped it, only to chase it down again, his tail wagging furiously. With each joyous pounce, the sour scent filled the air, causing his canine friends to sniff with bewilderment. In the end, Baxter decided he'd had enough fun and pranced away, leaving the perplexed lemon behind, as if it were a puzzle only he could understand.","Instruction: Write a short story containing an animal and a fruit.

Output: Baxter, the scruffy terrier, pranced through the garden, his nose twitching at the sweet scent of ripe fruit. Spotting a plump raspberry nestled among the leaves, he snatched it up with a playful determination, believing it to be the treasure of the day. As he joyfully bounced back to his owner, the juicy fruit slipped from his mouth, landing on the ground with a splat. Instead of sulking, Baxter dove after it, delighted by the new adventure of chasing the rolling raspberry. In that moment, he realized that sometimes the joy isn’t just in the treasure itself, but in the fun of the chase.",text_a
97,"Instruction: Write a short story containing an animal and a fruit.

Output: In a sun-drenched garden, a playful golden retriever named Charlie bounded among the bushes, his nose twitching with excitement. Suddenly, he caught scent of something sweet and tart; a plump raspberry dangling from a thorny stem. With a gentle nudge of his snout, he plucked the berry from its perch, vibrant juice staining his furry muzzle. Delighted by his discovery, he trotted back to his owner, presenting the prize as if it were a trophy. They both laughed, sharing a moment of joy, as Charlie happily licked the berry juices from his face, scrambling for more treasures in the garden.","Instruction: Write a short story containing an animal and a fruit.

Output: Whiskers, the mischievous tabby cat, spotted a plump raspberry resting on the windowsill, glistening in the afternoon sun. Intrigued, he hopped up and stretched a paw, batting the tiny fruit until it rolled precariously to the edge. Just as it teetered on the brink, he pounced, sending it tumbling to the floor where it burst open with a juicy splat. Startled, Whiskers leaped back, tail fluffed like a feather duster, before tentatively creeping forward to lick the delicious red smudge left behind. With a triumphant flick of his whiskers, he decided that perhaps this peculiar berry wasn’t so scary after all.",text_b
99,"Instruction: Write a short story containing an animal and a fruit.

Output: Whiskers the cat lounged in the sun, lazily batting at a bright yellow lemon that had rolled off the kitchen counter. Intrigued by its zesty scent, he gave it a tentative sniff, then pounced, sending it skidding across the wooden floor. With each playful swipe, the lemon wobbled and danced, momentarily becoming a lively foe in his feline kingdom. Eventually, exhausted from his antics, Whiskers curled up beside the lemon, now a warm reminder of his afternoon adventure. As he drifted off to sleep, a tiny drop of lemon juice rolled off the fruit, landing softly on his nose, and he twitched in his dreams of citrus escapades.","Instruction: Write a short story containing an animal and a fruit.

Output: Whiskers, the curious tabby cat, prowled through the garden, her emerald eyes scanning for any signs of mischief. Suddenly, she caught a glimpse of a plump raspberry gleaming in the sunlight, nestled among the leaves. With a swift pounce, she batted the berry, sending it rolling across the dirt, its vivid red hue contrasting against the earthy tones. Intrigued, Whiskers chased after it, only to discover that the tart scent invited her to nibble, leaving her with a bewildered look and a hesitant lick of the juice on her paw. From that day on, the raspberry became her secret treasure, signaling the start of many playful afternoons in the garden.",text_b
102,"Instruction: Write a short story containing an animal and a fruit.

Output: Whiskers, the curious orange tabby, prowled through the garden, his nose twitching at the sweet scent of ripe raspberries. Spotting a plump berry nestled among the thorny branches, he pounced, only to tumble head over paws into a patch of soft grass. Dazed but undeterred, he batted the berry with his paw, sending it rolling across the ground. Captivated, he chased after it, delighted as it made a mess of his whiskers and a bright red stain on his fur. As the sun set, Whiskers lay sprawled in the grass, satisfied, with his newfound treasure resting beside him like a trophy of his playful adventure.","Instruction: Write a short story containing an animal and a fruit.

Output: In a sunny backyard, a curious golden retriever named Jake discovered a bright yellow lemon lying beneath the tree. Intrigued by its vibrant color and unusual scent, he nudged it with his nose, sending it rolling across the grass. As he chased after it, Jake stumbled onto a patch of daisies, sending petals flying into the air like confetti. With a triumphant bark, he pounced on the lemon, but instead of a satisfying chew, he recoiled from the sour surprise that burst between his teeth. After a moment of contemplation, he decided that chasing daisies was far more enjoyable than battling the bitter fruit.",text_a
103,"Instruction: Write a short story containing an animal and a fruit.

Output: Whiskers, the mischievous tabby, watched intently as the plump raspberry rolled off the kitchen counter, its ruby hue glistening in the sunlight. With a swift leap, he pounced, batting the berry across the floor like a tiny soccer ball. Each time the raspberry veered away, it taunted him, as if it had a mind of its own. Finally, with one triumphant swipe of his paw, he sent it sailing into his food bowl, claiming victory. Purring contentedly, Whiskers settled down for a nap, the sweet scent of fruity conquest lingering in the air.","Instruction: Write a short story containing an animal and a fruit.

Output: Baxter, the golden retriever, trotted happily through the sunny park, a bright yellow lemon clutched in his mouth. He had spotted it rolling away from a picnic blanket and thought it must be a new toy. Curious onlookers giggled as he playfully dropped it, only to chase it down again, his tail wagging furiously. With each joyous pounce, the sour scent filled the air, causing his canine friends to sniff with bewilderment. In the end, Baxter decided he'd had enough fun and pranced away, leaving the perplexed lemon behind, as if it were a puzzle only he could understand.",text_a
104,"Instruction: Write a short story containing an animal and a fruit.

Output: On a sunny afternoon, a curious cat named Whiskers discovered a plump lemon rolling lazily across the garden. Captivated by its bright yellow hue, he pounced, sending the fruit skittering into a patch of daisies. With each swat, the citrus released a tangy aroma that filled the air, delighting both Whiskers and the nearby bumblebees. Suddenly, an adventurous bee buzzed too close, startling Whiskers and causing him to leap back with a surprised yowl. As the lemon came to rest at his paws, he plopped down, deciding it was the most intriguing toy he'd ever found.","Instruction: Write a short story containing an animal and a fruit.

Output: Whiskers, the curious tabby, prowled through the garden when she spotted a glistening red raspberry nestled among the leaves. Intrigued, she batted it with her paw, sending it rolling across the dewy grass. The little fruit wobbled, making a sound that made her perk up her ears. In a spirited leap, she pounced, only to find herself tumbling head over paws, the raspberry escaping unscathed. As she regained her footing, Whiskers watched it roll into the sun, deciding that perhaps some things were better left uneaten.",text_b
105,"Instruction: Write a short story containing an animal and a fruit.

Output: Whiskers, the curious tabby cat, prowled through the garden, her emerald eyes scanning for any signs of mischief. Suddenly, she caught a glimpse of a plump raspberry gleaming in the sunlight, nestled among the leaves. With a swift pounce, she batted the berry, sending it rolling across the dirt, its vivid red hue contrasting against the earthy tones. Intrigued, Whiskers chased after it, only to discover that the tart scent invited her to nibble, leaving her with a bewildered look and a hesitant lick of the juice on her paw. From that day on, the raspberry became her secret treasure, signaling the start of many playful afternoons in the garden.","Instruction: Write a short story containing an animal and a fruit.

Output: On a sunny afternoon, Benny the golden retriever stumbled upon a bright yellow lemon rolling across the yard. Curiously, he nudged it with his nose, sending it spiraling into a patch of daisies. Intrigued by its sudden journey, he chased after it, his tail wagging furiously. As he caught up, he happily pounced on the lemon, only to reel back in surprise at its tart scent. With a confused woof, he decided it was best to stick to his favorite tennis ball instead.",text_a
106,"Instruction: Write a short story containing an animal and a fruit.

Output: Baxter, the golden retriever, watched intently as Lucy sliced a bright yellow lemon in the kitchen, the citrus aroma filling the air. Curious, he trotted over, his tail wagging with anticipation, but recoiled as Lucy's laughter echoed through the room at his puzzled expression. With a swift toss, she rolled the lemon across the floor, and Baxter pounced, the tangy scent igniting a playful spark in him. He pushed the lemon with his nose, sending it squeaking across the tiles, before he finally took a brave lick, his face scrunching in surprise at the sour taste. Once he realized it was just a game, he barked joyfully, running in circles around the lemon, proving that even the sourest surprises can lead to the sweetest fun.","Instruction: Write a short story containing an animal and a fruit.

Output: On a warm afternoon, Luna, a curious gray cat, spotted a plump raspberry nestled among the garden's wildflowers. Intrigued, she approached with her tail high, batting at the shiny red fruit as it rolled slightly across the grass. With a playful pounce, she captured the raspberry between her paws, but just as she went to take a bite, a butterfly flitted by, distracting her completely. The raspberry wobbled free, rolling away, and Luna took off in pursuit of the new, fluttering prize. By the time she returned to the spot, the raspberry was gone, but Luna didn’t mind; the garden was full of new adventures waiting to unfold.",text_b
107,"Instruction: Write a short story containing an animal and a fruit.

Output: Baxter, the playful golden retriever, spotted a bright yellow lemon rolling down the sidewalk. With a curious tilt of his head, he pounced on it, sending it bouncing into the grass. The tangy scent intrigued him, and he began to nuzzle it with his nose, making it roll even further. Just as he was about to take a playful bite, his owner called out, laughter bubbling up, ""Baxter, that’s not a ball!"" Realizing it wasn’t meant for chewing, Baxter gave the lemon one last nudge before trotting off in search of a real toy.","Instruction: Write a short story containing an animal and a fruit.

Output: Buddy, the golden retriever, bounded through the garden, his nose twitching with excitement. Just as he stopped to sniff a patch of vibrant flowers, a plump, red raspberry rolled past his paw, glistening in the sunlight. With a swift flick of his tongue, he snatched it up, savoring the sweet burst of flavor. The garden seemed to come alive as he pranced around, raspberry juice dripping from his chin, a proud look in his eyes. In that moment, Buddy wasn’t just a dog; he was the king of the garden, ruling over his realm with a fruity crown.",text_a
108,"Instruction: Write a short story containing an animal and a fruit.

Output: In a sunny garden, Bella the golden retriever discovered a bright yellow lemon rolling across the grass. Curious, she nudged it with her nose, sending it into a wild spin that made her bark in delight. As she chased the zesty fruit, it slipped into a patch of clovers, and Bella dug her paws into the soft earth, unearthing a hidden treasure of playful butterflies instead. Captivated, she forgot about the lemon, happily bounding after her new fluttery friends. Sometimes, the sweetest adventures are found where you least expect them.","Instruction: Write a short story containing an animal and a fruit.

Output: Benny, the golden retriever, sniffed curiously at the bush in the backyard and unearthed a ripe raspberry nestled among the leaves. With a quick flick of his tongue, he devoured the berry, its sweetness bursting in his mouth like a tiny firework. After the unexpected treat, Benny raced around the yard, leaping and bounding as if the raspberry had given him superpowers. His owner, Mira, watched with a smile, enchanted by his goofy antics. From that day on, every summer afternoon was filled with Benny's joyful frolics, all sparked by a simple raspberry.",text_a
109,"Instruction: Write a short story containing an animal and a fruit.

Output: Whiskers the cat crouched low beside the raspberry bush, his tail twitching with anticipation. A single, plump raspberry dangled enticingly from a branch, glistening in the afternoon sun. With a swift leap, he knocked it to the ground, watching it roll away with wide, curious eyes. To his surprise, a tiny creature scuttled out from under the leaves, chasing after the berry with a squeak of delight. Whiskers, intrigued, decided to follow the unlikely duo, embarking on an unexpected adventure filled with laughter and newfound friendship.","Instruction: Write a short story containing an animal and a fruit.

Output: Baxter, the golden retriever, trotted happily through the sunny park, a bright yellow lemon clutched in his mouth. He had spotted it rolling away from a picnic blanket and thought it must be a new toy. Curious onlookers giggled as he playfully dropped it, only to chase it down again, his tail wagging furiously. With each joyous pounce, the sour scent filled the air, causing his canine friends to sniff with bewilderment. In the end, Baxter decided he'd had enough fun and pranced away, leaving the perplexed lemon behind, as if it were a puzzle only he could understand.",text_a
110,"Instruction: Write a short story containing an animal and a fruit.

Output: Whiskers the cat lounged lazily on the windowsill, eyeing the vibrant lemon resting on the kitchen counter. Intrigued by its bright yellow hue, he leaped down and cautiously approached, his whiskers twitching with curiosity. With a gentle paw, he nudged the lemon, sending it rolling to the floor with a comical thud. In an instant, it split open, releasing a tangy aroma that made Whiskers wrinkle his nose in surprise. As he backed away, he decided that maybe some mysteries were better left unsolved, and he returned to his sunny perch, dreaming of fish instead.","Instruction: Write a short story containing an animal and a fruit.

Output: Whiskers the cat watched intently as a plump raspberry rolled off the kitchen counter and bounced onto the floor. Curious, he pounced, batting the vibrant red fruit with his paw, sending it skittering across the tiles. The raspberry danced in the sunlight, leaving a trail of juice as it went, capturing Whiskers's full attention. With a final leap, he captured his prize, only to discover that the sweet-tart flavor was rather puzzling. A satisfied purr rumbled from his chest as he settled down, contemplating the mysterious delight that had just turned his afternoon into an unexpected adventure.",text_b
111,"Instruction: Write a short story containing an animal and a fruit.

Output: Max the golden retriever trotted through the garden, his nose twitching with the sweet scent of ripe raspberries. With a playful leap, he snatched one from the bush, its red hue contrasting against his golden fur. Delighted, he dashed to his owner, wagging his tail and dropping the berry at her feet as if presenting a treasure. She laughed, picking it up and giving him a scratch behind the ears, promising a treat in return. From that day on, every raspberry season turned into a playful game, where fruit became both prize and bond between them.","Instruction: Write a short story containing an animal and a fruit.

Output: In the sunny backyard, a golden retriever named Buddy discovered a bright yellow lemon nestled among the grass. Curious, he pawed at it, sending it rolling across the yard, and then chased after it with joyous barks. Each time he caught up, he playfully nudged it with his nose, only to watch it escape again. Suddenly, a curious neighbor poked his head over the fence, laughing at Buddy’s antics and offering him a slice of lemon to taste. With a comical scrunch of his nose, Buddy decided that chasing the lemon was far more fun than eating it.",text_b
112,"Instruction: Write a short story containing an animal and a fruit.

Output: On a sunny afternoon, Benny the golden retriever stumbled upon a bright yellow lemon rolling across the yard. Curiously, he nudged it with his nose, sending it spiraling into a patch of daisies. Intrigued by its sudden journey, he chased after it, his tail wagging furiously. As he caught up, he happily pounced on the lemon, only to reel back in surprise at its tart scent. With a confused woof, he decided it was best to stick to his favorite tennis ball instead.","Instruction: Write a short story containing an animal and a fruit.

Output: Whiskers the cat lounged lazily in the afternoon sun, dreaming of adventures, when a sudden gust of wind sent a bright yellow lemon rolling across the porch. Intrigued, she pounced, batting the citrus fruit with her paw, sending it tumbling into the flower bed. The lemon's zest burst forth, flooding the air with a tangy aroma that made Whiskers pause. With a flick of her tail and a dash of curiosity, she took a tentative lick, her eyes widening at the unexpected burst of flavor. From that day on, the lemon became her favorite toy, a zesty companion in her sun-soaked escapades.",text_a
113,"Instruction: Write a short story containing an animal and a fruit.

Output: On a sunny afternoon, a curious golden retriever named Buddy wandered into the garden, his nose twitching with excitement. There, nestled among the leaves, he found a plump, red raspberry glistening in the sunlight. With a gentle nudge, he knocked it loose, watching it roll across the ground with wide eyes. As he pounced after it, the raspberry squished between his paws, sending a burst of sweet juice into the air. Happy with his find, Buddy trotted back to his owner, leaving a trail of red paw prints behind him.","Instruction: Write a short story containing an animal and a fruit.

Output: On a sunny afternoon, a curious cat named Whiskers discovered a plump lemon rolling lazily across the garden. Captivated by its bright yellow hue, he pounced, sending the fruit skittering into a patch of daisies. With each swat, the citrus released a tangy aroma that filled the air, delighting both Whiskers and the nearby bumblebees. Suddenly, an adventurous bee buzzed too close, startling Whiskers and causing him to leap back with a surprised yowl. As the lemon came to rest at his paws, he plopped down, deciding it was the most intriguing toy he'd ever found.",text_a
114,"Instruction: Write a short story containing an animal and a fruit.

Output: Whiskers the cat lounged lazily in the afternoon sun, dreaming of adventures, when a sudden gust of wind sent a bright yellow lemon rolling across the porch. Intrigued, she pounced, batting the citrus fruit with her paw, sending it tumbling into the flower bed. The lemon's zest burst forth, flooding the air with a tangy aroma that made Whiskers pause. With a flick of her tail and a dash of curiosity, she took a tentative lick, her eyes widening at the unexpected burst of flavor. From that day on, the lemon became her favorite toy, a zesty companion in her sun-soaked escapades.","Instruction: Write a short story containing an animal and a fruit.

Output: In a sunny backyard, a curious golden retriever named Jake discovered a bright yellow lemon lying beneath the tree. Intrigued by its vibrant color and unusual scent, he nudged it with his nose, sending it rolling across the grass. As he chased after it, Jake stumbled onto a patch of daisies, sending petals flying into the air like confetti. With a triumphant bark, he pounced on the lemon, but instead of a satisfying chew, he recoiled from the sour surprise that burst between his teeth. After a moment of contemplation, he decided that chasing daisies was far more enjoyable than battling the bitter fruit.",text_b
115,"Instruction: Write a short story containing an animal and a fruit.

Output: On a sunny afternoon, Whiskers the cat spotted a bright red raspberry nestled among the garden's green leaves. With a playful pounce, he knocked it loose, watching it roll away like a little ruby on the grass. Intrigued, he chased after it, his paws dancing across the ground, but just as he caught up, a gentle breeze sent the raspberry tumbling into a patch of clover. Whiskers paused, tilting his head, then plopped down beside it, surrendering to the simple joy of the moment. Sometimes, he thought, the best treasures are the ones you never truly catch.","Instruction: Write a short story containing an animal and a fruit.

Output: On a sunny afternoon, Benny the golden retriever stumbled upon a bright yellow lemon rolling across the yard. Curiously, he nudged it with his nose, sending it spiraling into a patch of daisies. Intrigued by its sudden journey, he chased after it, his tail wagging furiously. As he caught up, he happily pounced on the lemon, only to reel back in surprise at its tart scent. With a confused woof, he decided it was best to stick to his favorite tennis ball instead.",text_a
116,"Instruction: Write a short story containing an animal and a fruit.

Output: On a warm afternoon, a curious cat named Whiskers discovered a bright yellow lemon lying in the garden. Intrigued by its color and scent, he batted at it playfully, sending it rolling across the grass. As the lemon came to a stop by the flowerbed, Whiskers pounced, only to be met with a sour surprise that made him recoil in confusion. Shaking his head and licking his paws, he decided that perhaps chasing butterflies was a better way to spend the day. With one last puzzled glance at the lemon, he pranced off, leaving the citrus fruit to sit in the sun.","Instruction: Write a short story containing an animal and a fruit.

Output: Baxter the golden retriever sniffed curiously at the bright yellow lemon that had rolled off the kitchen counter and onto the floor. With a playful bounce, he nudged it with his nose, watching it tumble across the tile. Intrigued, he grabbed it with his mouth, only to recoil at the sour burst of flavor that spread across his tongue. Shaking his head, he dropped the lemon and trotted away, leaving it to roll to a stop beneath the table. Moments later, he returned with his favorite ball, ready for a game that didn’t involve sour surprises.",text_b
117,"Instruction: Write a short story containing an animal and a fruit.

Output: On a sunny afternoon, Whiskers the cat spotted a bright red raspberry nestled among the garden's green leaves. With a playful pounce, he knocked it loose, watching it roll away like a little ruby on the grass. Intrigued, he chased after it, his paws dancing across the ground, but just as he caught up, a gentle breeze sent the raspberry tumbling into a patch of clover. Whiskers paused, tilting his head, then plopped down beside it, surrendering to the simple joy of the moment. Sometimes, he thought, the best treasures are the ones you never truly catch.","Instruction: Write a short story containing an animal and a fruit.

Output: On a bright summer afternoon, a curious golden retriever named Benny sniffed out something unusual in the garden—a ripe raspberry tucked beneath a sprawling bush. With a gentle nudge of his nose, he dislodged the plump fruit, sending it tumbling across the ground. Intrigued, Benny chased it, barking joyfully as it rolled and bounced along the soft grass. When he finally caught up, he gently picked it up, tilting his head in confusion at this unexpected treasure. To his delight, his owner appeared, laughing as she offered Benny a treat, but he proudly sat, presenting the raspberry as if it were the finest prize.",text_a
118,"Instruction: Write a short story containing an animal and a fruit.

Output: On a sunny afternoon, Benny the golden retriever stumbled upon a bright yellow lemon rolling across the yard. Curiously, he nudged it with his nose, sending it spiraling into a patch of daisies. Intrigued by its sudden journey, he chased after it, his tail wagging furiously. As he caught up, he happily pounced on the lemon, only to reel back in surprise at its tart scent. With a confused woof, he decided it was best to stick to his favorite tennis ball instead.","Instruction: Write a short story containing an animal and a fruit.

Output: On a warm afternoon, a curious cat named Whiskers discovered a bright yellow lemon lying in the garden. Intrigued by its color and scent, he batted at it playfully, sending it rolling across the grass. As the lemon came to a stop by the flowerbed, Whiskers pounced, only to be met with a sour surprise that made him recoil in confusion. Shaking his head and licking his paws, he decided that perhaps chasing butterflies was a better way to spend the day. With one last puzzled glance at the lemon, he pranced off, leaving the citrus fruit to sit in the sun.",text_a
119,"Instruction: Write a short story containing an animal and a fruit.

Output: Baxter, the curious golden retriever, discovered a vibrant raspberry hidden among the bramble in the garden. With a playful wag of his tail, he nudged the berry with his nose, sending it tumbling down the slope. Intrigued, he trotted after it, snapping it up just as it rolled to a stop. To his surprise, the burst of sweet-tart flavor exploded in his mouth, making him wag his tail even harder. From that day forward, Baxter made it his mission to find and savor every raspberry in the garden, one delightful nibble at a time.","Instruction: Write a short story containing an animal and a fruit.

Output: Whiskers, the curious cat, spotted a glistening raspberry nestled among the vibrant green leaves of the garden. Intrigued, she pawed gently at the plump fruit, causing it to roll and bounce playfully across the ground. With a swift leap, she chased it, her tail flicking in delight, until it came to a stop near a sunbeam. As she settled to catch her breath, Whiskers found herself captivated not just by the berry, but by the golden light that danced around her. In that serene moment, she realized that sometimes, the sweetest treasures are found in the simplest of pleasures.",text_b
120,"Instruction: Write a short story containing an animal and a fruit.

Output: Whiskers, the curious tabby, lounged lazily on the kitchen counter when a bright yellow lemon rolled off the edge and bounced onto the floor. Intrigued, he swatted at it with his paw, sending it skidding across the tiles. As the lemon came to a stop, it emitted a refreshing citrus scent that tickled his nose, prompting a playful pounce. In his excitement, he knocked it against the wall, watching it wobble before settling back down, as if teasing him to play. With a contented chirrup, Whiskers curled up next to his newfound toy, dreaming of sunny orchards and the mysteries of the world beyond the window.","Instruction: Write a short story containing an animal and a fruit.

Output: Whiskers, the curious tabby cat, spotted a glistening raspberry sitting atop the kitchen counter, its vibrant red hue calling to her like a forbidden gem. With a nimble leap, she landed beside the fruit, her whiskers twitching in anticipation. Just as she was about to bat it off the edge, her owner walked in, startling her into a playful pounce. The raspberry rolled away, escaping her grasp, and found its way under the table, where it lay in solitude. Whiskers sat, tail flicking, plotting her next move—the hunt was on, and nothing could distract her from her fruity prey.",text_b
123,"Instruction: Write a short story containing an animal and a fruit.

Output: Whiskers the cat lounged lazily in the warm sunbeam that spilled onto the kitchen floor, eyeing the vibrant lemon that had rolled off the countertop. With a playful leap, he pounced, sending the citrus fruit skidding across the tiles. Intrigued by its bright color and zesty scent, Whiskers sniffed and batted at the lemon, only to be startled when it rolled under the fridge. Pouting slightly at the loss of his newfound toy, he curled up and decided that maybe napping was a better use of his time. As the sun began to set, he dreamt of tangy adventures and the sound of laughter from the kitchen above.","Instruction: Write a short story containing an animal and a fruit.

Output: Buddy, the golden retriever, bounded through the garden, his nose twitching with excitement. Just as he stopped to sniff a patch of vibrant flowers, a plump, red raspberry rolled past his paw, glistening in the sunlight. With a swift flick of his tongue, he snatched it up, savoring the sweet burst of flavor. The garden seemed to come alive as he pranced around, raspberry juice dripping from his chin, a proud look in his eyes. In that moment, Buddy wasn’t just a dog; he was the king of the garden, ruling over his realm with a fruity crown.",text_b
124,"Instruction: Write a short story containing an animal and a fruit.

Output: On a sun-drenched afternoon, a curious tabby named Whiskers discovered a plump lemon rolling across the garden path. Intrigued by its bright color and zesty aroma, she pounced on it, sending it skittering down the way. As it came to a stop, she batted it again, only to be surprised by a burst of tart scent that tickled her nose. Repulsed yet fascinated, Whiskers stared at the lemon as if it had just proposed a duel. In her mind, it was a worthy opponent, and though she hesitated, she knew the battle for her garden wouldn’t end until the lemon was conquered.","Instruction: Write a short story containing an animal and a fruit.

Output: Baxter, the cheerful golden retriever, bounded through the garden, his nose twitching with excitement as he caught the tangy scent of ripe lemons. His owner, Claire, had left one on the ground, and with a mischievous glint in his eye, he picked it up and playfully tossed it in the air. The lemon rolled away, and Baxter chased after it, his paws clattering against the cobblestones, only to stop short when he realized it couldn’t fetch back. Curiously, he nudged it with his nose, causing a burst of yellow juice to splatter on his face, much to Claire's amusement. With a happy bark, Baxter decided that he loved lemons, even if they didn't fetch.",text_b
127,"Instruction: Write a short story containing an animal and a fruit.

Output: On a sunny afternoon, a curious cat named Whiskers discovered a plump lemon rolling lazily across the garden. Captivated by its bright yellow hue, he pounced, sending the fruit skittering into a patch of daisies. With each swat, the citrus released a tangy aroma that filled the air, delighting both Whiskers and the nearby bumblebees. Suddenly, an adventurous bee buzzed too close, startling Whiskers and causing him to leap back with a surprised yowl. As the lemon came to rest at his paws, he plopped down, deciding it was the most intriguing toy he'd ever found.","Instruction: Write a short story containing an animal and a fruit.

Output: Whiskers, the mischievous tabby, watched intently as the plump raspberry rolled off the kitchen counter, its ruby hue glistening in the sunlight. With a swift leap, he pounced, batting the berry across the floor like a tiny soccer ball. Each time the raspberry veered away, it taunted him, as if it had a mind of its own. Finally, with one triumphant swipe of his paw, he sent it sailing into his food bowl, claiming victory. Purring contentedly, Whiskers settled down for a nap, the sweet scent of fruity conquest lingering in the air.",text_b
128,"Instruction: Write a short story containing an animal and a fruit.

Output: Baxter, the cheerful golden retriever, bounded through the garden, his nose twitching with excitement as he caught the tangy scent of ripe lemons. His owner, Claire, had left one on the ground, and with a mischievous glint in his eye, he picked it up and playfully tossed it in the air. The lemon rolled away, and Baxter chased after it, his paws clattering against the cobblestones, only to stop short when he realized it couldn’t fetch back. Curiously, he nudged it with his nose, causing a burst of yellow juice to splatter on his face, much to Claire's amusement. With a happy bark, Baxter decided that he loved lemons, even if they didn't fetch.","Instruction: Write a short story containing an animal and a fruit.

Output: On a sunny afternoon, a curious golden retriever named Buddy wandered into the garden, his nose twitching with excitement. There, nestled among the leaves, he found a plump, red raspberry glistening in the sunlight. With a gentle nudge, he knocked it loose, watching it roll across the ground with wide eyes. As he pounced after it, the raspberry squished between his paws, sending a burst of sweet juice into the air. Happy with his find, Buddy trotted back to his owner, leaving a trail of red paw prints behind him.",text_a
129,"Instruction: Write a short story containing an animal and a fruit.

Output: Whiskers the cat lounged lazily in the afternoon sun, his gaze fixed on a bright yellow lemon that rolled slowly across the garden path. Curiosity piqued, he pounced, sending the citrus fruit bouncing into a patch of wildflowers. Intrigued by its zesty scent, he batted it playfully, only to find his paw slipping on the smooth surface, sending him tumbling backward into a rose bush. Dizzy but undeterred, Whiskers emerged with a petal crown and a newfound respect for lemons. From that day on, he kept a watchful eye on the sunny fruit, knowing adventure lurked in unexpected places.","Instruction: Write a short story containing an animal and a fruit.

Output: Benny the golden retriever bounded through the garden, his nose twitching at the sweet scent of ripe fruit. Spotting a plump raspberry nestled among the leaves, he scooped it up in his mouth, only to find it burst with juice, staining his fur a cheerful red. As he trotted back to his owner, the little girl giggled and pointed at her goofy dog, declaring him a “raspberry prince.” In his simple, joyful way, Benny seemed to bask in the royal title, wagging his tail with pride. From that day on, the garden became their kingdom, filled with laughter and the delightful chaos of a dog who loved fruit.",text_b
132,"Instruction: Write a short story containing an animal and a fruit.

Output: In a sunlit backyard, Charlie the dog frolicked among the daisies, his tail wagging like a little flag. Suddenly, he spotted a bright yellow object rolling across the grass—an abandoned lemon from the picnic table. Intrigued, Charlie pounced on it, his nose crinkling at the sour scent, but he couldn't resist the playful chase it inspired. With a joyful bark, he began to toss the lemon in the air, its zesty aroma filling the air as he spun in circles. As the sun dipped below the horizon, Charlie lay contentedly among the daisies, the lemon forgotten but the joy of play forever etched in his heart.","Instruction: Write a short story containing an animal and a fruit.

Output: In a sun-drenched garden, a playful golden retriever named Charlie bounded among the bushes, his nose twitching with excitement. Suddenly, he caught scent of something sweet and tart; a plump raspberry dangling from a thorny stem. With a gentle nudge of his snout, he plucked the berry from its perch, vibrant juice staining his furry muzzle. Delighted by his discovery, he trotted back to his owner, presenting the prize as if it were a trophy. They both laughed, sharing a moment of joy, as Charlie happily licked the berry juices from his face, scrambling for more treasures in the garden.",text_a
133,"Instruction: Write a short story containing an animal and a fruit.

Output: In a sunlit garden, a curious golden retriever named Buddy discovered a plump, ripe raspberry dangling from a bush. With a gentle nudge of his nose, he knocked it to the ground, watching it roll away with delight. Sensing a game, he chased after the berry, pouncing and tumbling in the soft grass. Eventually, he caught up to it, delicately picking it up in his mouth, but instead of eating it, he presented the tiny treasure to his owner with a proud wag of his tail. Together, they shared a laugh, as Buddy's first raspberry became the sweetest treat of all.","Instruction: Write a short story containing an animal and a fruit.

Output: Baxter, the golden retriever, watched intently as Lucy sliced a bright yellow lemon in the kitchen, the citrus aroma filling the air. Curious, he trotted over, his tail wagging with anticipation, but recoiled as Lucy's laughter echoed through the room at his puzzled expression. With a swift toss, she rolled the lemon across the floor, and Baxter pounced, the tangy scent igniting a playful spark in him. He pushed the lemon with his nose, sending it squeaking across the tiles, before he finally took a brave lick, his face scrunching in surprise at the sour taste. Once he realized it was just a game, he barked joyfully, running in circles around the lemon, proving that even the sourest surprises can lead to the sweetest fun.",text_b
134,"Instruction: Write a short story containing an animal and a fruit.

Output: Max the golden retriever trotted through the garden, his nose twitching with the sweet scent of ripe raspberries. With a playful leap, he snatched one from the bush, its red hue contrasting against his golden fur. Delighted, he dashed to his owner, wagging his tail and dropping the berry at her feet as if presenting a treasure. She laughed, picking it up and giving him a scratch behind the ears, promising a treat in return. From that day on, every raspberry season turned into a playful game, where fruit became both prize and bond between them.","Instruction: Write a short story containing an animal and a fruit.

Output: Whiskers, the mischievous tabby, lounged lazily in the sunlit kitchen when a bright yellow lemon slid off the counter and rolled towards him. Intrigued, he pounced, sending the lemon bouncing across the tiled floor. With each playful swat, the citrus fruit emitted a zesty aroma, causing Whiskers to sneeze adorably as he chased it. Eventually, he cornered it beneath the pantry, only to discover he preferred his toys soft and furry. With a huff, he curled back into his sunny spot, dreaming of catnip instead of citrus.",text_a
135,"Instruction: Write a short story containing an animal and a fruit.

Output: Whiskers the cat prowled around the kitchen, her emerald eyes fixated on a bright yellow lemon perched on the countertop. With a swift leap, she knocked it off, watching in delight as it rolled across the floor. Intrigued, she batted it with her paw, only to recoil when the tangy scent filled the air. Deciding it was too sour for her liking, she settled down next to the fruit and let out a contented purr, claiming it as her new toy. From that day on, the lemon became an odd companion, a testament to Whiskers' curiosity and the simple joys of feline life.","Instruction: Write a short story containing an animal and a fruit.

Output: Max the golden retriever trotted through the garden, his nose twitching with the sweet scent of ripe raspberries. With a playful leap, he snatched one from the bush, its red hue contrasting against his golden fur. Delighted, he dashed to his owner, wagging his tail and dropping the berry at her feet as if presenting a treasure. She laughed, picking it up and giving him a scratch behind the ears, promising a treat in return. From that day on, every raspberry season turned into a playful game, where fruit became both prize and bond between them.",text_b
136,"Instruction: Write a short story containing an animal and a fruit.

Output: Whiskers, the mischievous tabby, watched intently as the plump raspberry rolled off the kitchen counter, its ruby hue glistening in the sunlight. With a swift leap, he pounced, batting the berry across the floor like a tiny soccer ball. Each time the raspberry veered away, it taunted him, as if it had a mind of its own. Finally, with one triumphant swipe of his paw, he sent it sailing into his food bowl, claiming victory. Purring contentedly, Whiskers settled down for a nap, the sweet scent of fruity conquest lingering in the air.","Instruction: Write a short story containing an animal and a fruit.

Output: On a bright summer afternoon, Milo, a curious golden retriever, spotted a bright yellow lemon rolling across the yard. With a playful bark, he chased it, his tail wagging furiously as he caught the tangy treasure between his paws. Intrigued, he tilted his head and gave it a tentative lick, only to recoil at the sour surprise. Undeterred, he nudged it with his nose, sending it tumbling into the garden where it was promptly intercepted by a butterfly. As Milo watched the colorful creature dance around the lemon, he decided that sometimes, the joy of discovery was sweeter than any fruit.",text_a
137,"Instruction: Write a short story containing an animal and a fruit.

Output: Baxter, the golden retriever, had always been curious about the strange yellow fruit that rolled off the kitchen counter. One sunny afternoon, he nudged the lemon with his nose, watching in fascination as it tumbled across the floor. With a playful bark, he pounced, catching it in his mouth, only to be startled by its sharp tang. After a cautious taste, he decided the lemon was not to his liking and dropped it, where it landed near his owner, who laughed and picked it up. From that day on, whenever the scent of citrus filled the air, Baxter would wag his tail in anticipation—not for the fruit, but for the fun that usually followed.","Instruction: Write a short story containing an animal and a fruit.

Output: Whiskers the cat lounged lazily in the afternoon sun, dreaming of adventures, when a sudden gust of wind sent a bright yellow lemon rolling across the porch. Intrigued, she pounced, batting the citrus fruit with her paw, sending it tumbling into the flower bed. The lemon's zest burst forth, flooding the air with a tangy aroma that made Whiskers pause. With a flick of her tail and a dash of curiosity, she took a tentative lick, her eyes widening at the unexpected burst of flavor. From that day on, the lemon became her favorite toy, a zesty companion in her sun-soaked escapades.",text_a
138,"Instruction: Write a short story containing an animal and a fruit.

Output: In a sunlit garden, a playful golden retriever named Charlie discovered a lone raspberry nestled among the leaves. With a gentle nudge of his nose, the plump berry tumbled to the ground, rolling away as if inviting a chase. Thrilled by the unexpected game, Charlie bounded after it, his tail wagging like a flag of joy. Just as he caught up and scooped it up with his mouth, his owner laughed, recalling how that very raspberry had been her first successful garden planting. With a contented sigh, Charlie plopped down, savoring the sweet morsel while basking in the warmth of love and sunlight.","Instruction: Write a short story containing an animal and a fruit.

Output: Milo, the curious gray cat, darted across the kitchen floor, his eyes fixed on a bright red raspberry that rolled off the counter. With a playful swat, he sent the berry tumbling under the table, where it landed with a soft squish. Intrigued by the scent, he pounced on it, only to discover the sweet juice staining his paws. After a few messy licks, he decided that fruit wasn’t quite as thrilling as chasing shadows. With a bored huff, he curled up on the sunny windowsill, leaving the raspberry to its fate.",text_b
140,"Instruction: Write a short story containing an animal and a fruit.

Output: Whiskers, a sleek gray cat with mismatched eyes, sat perched on the kitchen counter, her gaze fixed intently on a bright yellow lemon rolling to and fro on the cutting board. With a playful pounce, she sent the lemon tumbling to the floor, where it bounced with a curious wobble. Intrigued, she bat at it again, her paws dancing around the citrus orb as it rolled under the table. Just as Whiskers dove to catch her prize, her owner entered, laughing at the sight of the unexpected feline-lemon showdown. With a triumphant chirp, Whiskers fetched her prize back to the surface, only to abandon it for a sunbeam, the lemon left to its quiet, lonely shine.","Instruction: Write a short story containing an animal and a fruit.

Output: Whiskers, the mischievous tabby cat, spotted a plump raspberry resting on the windowsill, glistening in the afternoon sun. Intrigued, he hopped up and stretched a paw, batting the tiny fruit until it rolled precariously to the edge. Just as it teetered on the brink, he pounced, sending it tumbling to the floor where it burst open with a juicy splat. Startled, Whiskers leaped back, tail fluffed like a feather duster, before tentatively creeping forward to lick the delicious red smudge left behind. With a triumphant flick of his whiskers, he decided that perhaps this peculiar berry wasn’t so scary after all.",text_b
141,"Instruction: Write a short story containing an animal and a fruit.

Output: Baxter, the cheerful golden retriever, bounded through the garden, his nose twitching with excitement as he caught the tangy scent of ripe lemons. His owner, Claire, had left one on the ground, and with a mischievous glint in his eye, he picked it up and playfully tossed it in the air. The lemon rolled away, and Baxter chased after it, his paws clattering against the cobblestones, only to stop short when he realized it couldn’t fetch back. Curiously, he nudged it with his nose, causing a burst of yellow juice to splatter on his face, much to Claire's amusement. With a happy bark, Baxter decided that he loved lemons, even if they didn't fetch.","Instruction: Write a short story containing an animal and a fruit.

Output: Whiskers, the mischievous tabby, lounged lazily in the sunlit kitchen when a bright yellow lemon slid off the counter and rolled towards him. Intrigued, he pounced, sending the lemon bouncing across the tiled floor. With each playful swat, the citrus fruit emitted a zesty aroma, causing Whiskers to sneeze adorably as he chased it. Eventually, he cornered it beneath the pantry, only to discover he preferred his toys soft and furry. With a huff, he curled back into his sunny spot, dreaming of catnip instead of citrus.",text_a
142,"Instruction: Write a short story containing an animal and a fruit.

Output: Whiskers, a sleek gray cat with mismatched eyes, sat perched on the kitchen counter, her gaze fixed intently on a bright yellow lemon rolling to and fro on the cutting board. With a playful pounce, she sent the lemon tumbling to the floor, where it bounced with a curious wobble. Intrigued, she bat at it again, her paws dancing around the citrus orb as it rolled under the table. Just as Whiskers dove to catch her prize, her owner entered, laughing at the sight of the unexpected feline-lemon showdown. With a triumphant chirp, Whiskers fetched her prize back to the surface, only to abandon it for a sunbeam, the lemon left to its quiet, lonely shine.","Instruction: Write a short story containing an animal and a fruit.

Output: In a sun-drenched garden, a playful golden retriever named Charlie bounded among the bushes, his nose twitching with excitement. Suddenly, he caught scent of something sweet and tart; a plump raspberry dangling from a thorny stem. With a gentle nudge of his snout, he plucked the berry from its perch, vibrant juice staining his furry muzzle. Delighted by his discovery, he trotted back to his owner, presenting the prize as if it were a trophy. They both laughed, sharing a moment of joy, as Charlie happily licked the berry juices from his face, scrambling for more treasures in the garden.",text_b
143,"Instruction: Write a short story containing an animal and a fruit.

Output: Whiskers the cat watched intently as a plump raspberry rolled off the kitchen counter and bounced onto the floor. Curious, he pounced, batting the vibrant red fruit with his paw, sending it skittering across the tiles. The raspberry danced in the sunlight, leaving a trail of juice as it went, capturing Whiskers's full attention. With a final leap, he captured his prize, only to discover that the sweet-tart flavor was rather puzzling. A satisfied purr rumbled from his chest as he settled down, contemplating the mysterious delight that had just turned his afternoon into an unexpected adventure.","Instruction: Write a short story containing an animal and a fruit.

Output: Whiskers the cat was lounging in a sunbeam when a bright, plump lemon rolled off the kitchen counter and landed right beside him. Curious, he gave it a gentle pawing, watching it wobble precariously before coming to a stop. Intrigued by this strange, yellow orb, he began to bat it playfully, imagining it was a mouse. Suddenly, the lemon burst open, its tangy scent filling the air, and Whiskers leaped back in surprise, his whiskers twitching. As he cautiously approached the citrus explosion, he realized that some surprises were worth the risk of a little sour—after all, adventure was just a paw’s swipe away.",text_a
149,"Instruction: Write a short story containing an animal and a fruit.

Output: On a sunny afternoon, Benny the golden retriever stumbled upon a bright yellow lemon rolling across the yard. Curiously, he nudged it with his nose, sending it spiraling into a patch of daisies. Intrigued by its sudden journey, he chased after it, his tail wagging furiously. As he caught up, he happily pounced on the lemon, only to reel back in surprise at its tart scent. With a confused woof, he decided it was best to stick to his favorite tennis ball instead.","Instruction: Write a short story containing an animal and a fruit.

Output: Whiskers, the mischievous tabby, perched on the kitchen counter, his amber eyes wide with curiosity. Beneath his paw lay a bright yellow lemon, gleaming like a tiny sun. With a swift swipe, he sent it rolling across the floor, the citrus fruit bouncing in unpredictable directions. Intrigued by the chase, Whiskers pounced and skidded to a halt, surprised as the lemon squished under his weight. The zesty aroma filled the air, and as he stepped back, a newfound respect for the quirky fruit blossomed in his feline heart.",text_a
152,"Instruction: Write a short story containing an animal and a fruit.

Output: On a sunny afternoon, a curious golden retriever named Benny discovered a bright yellow lemon rolling across the yard. With a playful bark, he pounced on it, his tail wagging furiously as he clamped his mouth around the tart fruit. To his surprise, the sour taste made him scrunch up his face, causing his owner, Lily, to burst into laughter. Undeterred, Benny dropped the lemon and nudged it toward her, inviting her to join in his playful game. From that day on, every time Lily brought out the lemon, Benny would wag his tail, ready for a fun chase.","Instruction: Write a short story containing an animal and a fruit.

Output: Benny, a golden retriever with boundless energy, sprinted through the garden, nose raised to the air, following an enticing scent. His keen senses led him to a vibrant patch of raspberry bushes, their plump, red fruits glistening in the afternoon sun. With a playful leap, he snatched one ripe raspberry off the lowest branch, savoring its sweet-tart flavor with an excited wag of his tail. Just then, his owner, Clara, stepped outside, laughing as she watched her beloved dog relish his unexpected treat. From that day on, Benny became the self-appointed guardian of the raspberry patch, always ready to taste the summer's bounty.",text_a
154,"Instruction: Write a short story containing an animal and a fruit.

Output: In a sunny backyard, a curious golden retriever named Jake discovered a bright yellow lemon lying beneath the tree. Intrigued by its vibrant color and unusual scent, he nudged it with his nose, sending it rolling across the grass. As he chased after it, Jake stumbled onto a patch of daisies, sending petals flying into the air like confetti. With a triumphant bark, he pounced on the lemon, but instead of a satisfying chew, he recoiled from the sour surprise that burst between his teeth. After a moment of contemplation, he decided that chasing daisies was far more enjoyable than battling the bitter fruit.","Instruction: Write a short story containing an animal and a fruit.

Output: Whiskers the cat prowled through the garden, her emerald eyes glinting with curiosity. Spotting a vibrant raspberry nestled among the leaves, she snatched it up, intrigued by its plumpness and hue. With a playful flick of her paw, she rolled it across the grass, chasing it like a tiny, fragrant prey. As the berry squished under her weight, its sweet scent filled the air, drawing a puzzled glance from her human, who watched from the patio. In that moment, Whiskers decided that the raspberry was no ordinary fruit; it was her prized trophy, and she would defend it against all odds.",text_b
155,"Instruction: Write a short story containing an animal and a fruit.

Output: Whiskers, the mischievous tabby cat, spotted a plump raspberry resting on the windowsill, glistening in the afternoon sun. Intrigued, he hopped up and stretched a paw, batting the tiny fruit until it rolled precariously to the edge. Just as it teetered on the brink, he pounced, sending it tumbling to the floor where it burst open with a juicy splat. Startled, Whiskers leaped back, tail fluffed like a feather duster, before tentatively creeping forward to lick the delicious red smudge left behind. With a triumphant flick of his whiskers, he decided that perhaps this peculiar berry wasn’t so scary after all.","Instruction: Write a short story containing an animal and a fruit.

Output: Whiskers the cat was lounging in a sunbeam when a bright, plump lemon rolled off the kitchen counter and landed right beside him. Curious, he gave it a gentle pawing, watching it wobble precariously before coming to a stop. Intrigued by this strange, yellow orb, he began to bat it playfully, imagining it was a mouse. Suddenly, the lemon burst open, its tangy scent filling the air, and Whiskers leaped back in surprise, his whiskers twitching. As he cautiously approached the citrus explosion, he realized that some surprises were worth the risk of a little sour—after all, adventure was just a paw’s swipe away.",text_a
156,"Instruction: Write a short story containing an animal and a fruit.

Output: Whiskers the cat lounged lazily in the afternoon sun, his gaze fixed on a bright yellow lemon that rolled slowly across the garden path. Curiosity piqued, he pounced, sending the citrus fruit bouncing into a patch of wildflowers. Intrigued by its zesty scent, he batted it playfully, only to find his paw slipping on the smooth surface, sending him tumbling backward into a rose bush. Dizzy but undeterred, Whiskers emerged with a petal crown and a newfound respect for lemons. From that day on, he kept a watchful eye on the sunny fruit, knowing adventure lurked in unexpected places.","Instruction: Write a short story containing an animal and a fruit.

Output: Milo, the golden retriever, trotted happily around the garden, his nose twitching at the scent of fresh berries. His eyes brightened when he spotted a plump raspberry dangling from a low-hanging branch, shimmering like a jewel in the sunlight. With a playful leap, he snatched it up, but the sweet burst of flavor surprised him; he had never tasted anything quite like it before. Rushing back to his owner, he dropped the raspberry at her feet, looking up with eager eyes, as if to say, ""Can we have more of these?"" The two soon settled down on the porch, enjoying their sunny afternoon—she with a bowl of raspberries and he, content just to be by her side.",text_b
158,"Instruction: Write a short story containing an animal and a fruit.

Output: Baxter, a mischievous golden retriever, caught a whiff of something tangy wafting from the kitchen. With a wag of his tail and a bound, he dashed inside to find a lemon rolling off the countertop. Curiosity piqued, he nudged it with his nose, sending it tumbling across the floor. As he chased it, the bright, zesty scent filled the air, and with one triumphant bite, he discovered that this citrus fruit wasn’t meant for playful pups. He promptly looked up at his owner, his face twisted in confusion, as if to say, “What’s so special about this sour ball?”","Instruction: Write a short story containing an animal and a fruit.

Output: Whiskers the cat was lounging in a sunbeam when a bright, plump lemon rolled off the kitchen counter and landed right beside him. Curious, he gave it a gentle pawing, watching it wobble precariously before coming to a stop. Intrigued by this strange, yellow orb, he began to bat it playfully, imagining it was a mouse. Suddenly, the lemon burst open, its tangy scent filling the air, and Whiskers leaped back in surprise, his whiskers twitching. As he cautiously approached the citrus explosion, he realized that some surprises were worth the risk of a little sour—after all, adventure was just a paw’s swipe away.",text_a
159,"Instruction: Write a short story containing an animal and a fruit.

Output: Whiskers the cat prowled around the kitchen, her emerald eyes fixated on a bright yellow lemon perched on the countertop. With a swift leap, she knocked it off, watching in delight as it rolled across the floor. Intrigued, she batted it with her paw, only to recoil when the tangy scent filled the air. Deciding it was too sour for her liking, she settled down next to the fruit and let out a contented purr, claiming it as her new toy. From that day on, the lemon became an odd companion, a testament to Whiskers' curiosity and the simple joys of feline life.","Instruction: Write a short story containing an animal and a fruit.

Output: In a sun-drenched garden, a curious dog named Finn stumbled upon a plump, ripe raspberry hanging from a low bush. Intrigued by its vibrant color, he sniffed it and wagged his tail, convinced it was a new kind of toy. With a quick swipe of his paw, he sent the berry flying, watching it bounce and roll across the grass. Just as he pounced to catch it, his playful leap sent him tumbling into a patch of daisies, a comical explosion of petals surrounding him. Finn emerged, joyful and slightly dazed, with a raspberry squished beneath his paw, reminding him that sometimes life's simplest pleasures come with a little mess.",text_b
160,"Instruction: Write a short story containing an animal and a fruit.

Output: In a sunny garden, Bella the golden retriever discovered a bright yellow lemon rolling across the grass. Curious, she nudged it with her nose, sending it into a wild spin that made her bark in delight. As she chased the zesty fruit, it slipped into a patch of clovers, and Bella dug her paws into the soft earth, unearthing a hidden treasure of playful butterflies instead. Captivated, she forgot about the lemon, happily bounding after her new fluttery friends. Sometimes, the sweetest adventures are found where you least expect them.","Instruction: Write a short story containing an animal and a fruit.

Output: Whiskers, the curious tabby, prowled through the garden when she spotted a glistening red raspberry nestled among the leaves. Intrigued, she batted it with her paw, sending it rolling across the dewy grass. The little fruit wobbled, making a sound that made her perk up her ears. In a spirited leap, she pounced, only to find herself tumbling head over paws, the raspberry escaping unscathed. As she regained her footing, Whiskers watched it roll into the sun, deciding that perhaps some things were better left uneaten.",text_b
162,"Instruction: Write a short story containing an animal and a fruit.

Output: Luna, the curious cat, sat perched on the sunny windowsill, her emerald eyes fixated on a bright yellow lemon rolling across the kitchen counter. With a swift paw swipe, she sent the lemon tumbling to the floor, where it landed with a soft thud. Intrigued by its zesty scent, Luna cautiously approached, giving it a tentative nuzzle. Just then, her owner entered and, chuckling at the sight, picked up the lemon, offering it to Luna like a rare treasure. Undeterred, Luna flicked her tail and turned to chase a sunbeam instead, leaving the lemon to rest in its citrusy solitude.","Instruction: Write a short story containing an animal and a fruit.

Output: Baxter, the curious golden retriever, discovered a vibrant raspberry hidden among the bramble in the garden. With a playful wag of his tail, he nudged the berry with his nose, sending it tumbling down the slope. Intrigued, he trotted after it, snapping it up just as it rolled to a stop. To his surprise, the burst of sweet-tart flavor exploded in his mouth, making him wag his tail even harder. From that day forward, Baxter made it his mission to find and savor every raspberry in the garden, one delightful nibble at a time.",text_b
163,"Instruction: Write a short story containing an animal and a fruit.

Output: In a sunny backyard, a curious golden retriever named Charlie discovered a bright yellow lemon that had rolled from the picnic table. Intrigued, he nudged it with his nose, only to watch it bounce away like a playful ball. As he chased it across the grass, Charlie couldn't help but bark excitedly, while the lemon rolled into a patch of daisies. When he finally caught up, he proudly picked it up, only to be met with a bewildered look from his owner, who laughed at the sight. From that day on, Charlie and his new citrus friend became inseparable, bringing joyful chaos to every sunny afternoon.","Instruction: Write a short story containing an animal and a fruit.

Output: Whiskers the cat prowled through the garden, her emerald eyes glinting with curiosity. Spotting a vibrant raspberry nestled among the leaves, she snatched it up, intrigued by its plumpness and hue. With a playful flick of her paw, she rolled it across the grass, chasing it like a tiny, fragrant prey. As the berry squished under her weight, its sweet scent filled the air, drawing a puzzled glance from her human, who watched from the patio. In that moment, Whiskers decided that the raspberry was no ordinary fruit; it was her prized trophy, and she would defend it against all odds.",text_b
164,"Instruction: Write a short story containing an animal and a fruit.

Output: Baxter, the scruffy terrier, had never tasted a lemon before. One sunny afternoon, he discovered a half-squished lemon lying on the porch, its citrus scent tantalizing his curious nose. With a playful bound, he pounced on it, rolling it across the floor with his paws, completely unaware of the tangy surprise it held. When he finally took a brave nibble, his face scrunched up in bewilderment, prompting a series of comical barks that echoed through the yard. From that day on, Baxter's adventures included finding more fruits to taste, but nothing could quite compare to that first, zesty encounter with the lemon.","Instruction: Write a short story containing an animal and a fruit.

Output: In a sunlit kitchen, a curious cat named Whiskers spotted a bright red raspberry sitting atop the countertop. With a swift leap, he knocked it to the floor, where it rolled enticingly, leaving a trail of juice in its wake. Whiskers chased it across the tiles, pouncing and batting at it with gleeful abandon. Just as he was about to take a triumphant bite, his owner walked in, laughter erupting at the sight of the esteemed feline caught in a berry battle. Defeated yet amused, Whiskers settled for a scratch behind the ears, the raspberry forgotten but the joy of the chase lingering in his heart.",text_b
165,"Instruction: Write a short story containing an animal and a fruit.

Output: In a sunlit kitchen, a curious cat named Whiskers spotted a bright red raspberry sitting atop the countertop. With a swift leap, he knocked it to the floor, where it rolled enticingly, leaving a trail of juice in its wake. Whiskers chased it across the tiles, pouncing and batting at it with gleeful abandon. Just as he was about to take a triumphant bite, his owner walked in, laughter erupting at the sight of the esteemed feline caught in a berry battle. Defeated yet amused, Whiskers settled for a scratch behind the ears, the raspberry forgotten but the joy of the chase lingering in his heart.","Instruction: Write a short story containing an animal and a fruit.

Output: Baxter, a scruffy terrier with a nose for mischief, discovered a bright yellow lemon rolling across the sunlit backyard. Curiosity piqued, he pounced on it, sending it skittering under the garden bench. With a determined bark, he dug it out, only to find his owner laughing as he proudly presented his unconventional treasure. The sun glinted off the lemon, and Baxter wagged his tail, convinced he had just found the world's best toy. From that day on, the lemon became their favorite plaything, bringing endless joy and laughter to their days together.",text_a
166,"Instruction: Write a short story containing an animal and a fruit.

Output: Whiskers the cat lounged lazily on the sun-warmed windowsill, his emerald eyes fixated on a bright yellow lemon that had rolled off the kitchen counter. Intrigued, he leapt down and batted the citrus fruit with his paw, sending it skidding across the floor. To his surprise, the lemon released a tangy scent that made him sneeze, startling him into a playful frenzy. He pounced and chased it until it finally came to a stop, resting at the feet of his owner, who chuckled at the sight. From that day on, the lemon became Whiskers’ most entertaining toy, a zesty companion for his afternoon antics.","Instruction: Write a short story containing an animal and a fruit.

Output: Luna the cat prowled through the garden, her emerald eyes sparkling with mischief. Spotting a ripe raspberry glistening in the sunlight, she pounced, batting it playfully with her paw. The tiny fruit rolled away, teasing her to chase it across the soft grass. After a few swift leaps, she finally caught it between her paws but froze, realizing that perhaps chasing was more fun than eating. With a satisfied flick of her tail, she let the raspberry roll away again, ready for another round of playful pursuit.",text_b
167,"Instruction: Write a short story containing an animal and a fruit.

Output: Max the golden retriever trotted through the garden, his nose twitching with the sweet scent of ripe raspberries. With a playful leap, he snatched one from the bush, its red hue contrasting against his golden fur. Delighted, he dashed to his owner, wagging his tail and dropping the berry at her feet as if presenting a treasure. She laughed, picking it up and giving him a scratch behind the ears, promising a treat in return. From that day on, every raspberry season turned into a playful game, where fruit became both prize and bond between them.","Instruction: Write a short story containing an animal and a fruit.

Output: In a sunny backyard, a curious golden retriever named Jake discovered a bright yellow lemon lying beneath the tree. Intrigued by its vibrant color and unusual scent, he nudged it with his nose, sending it rolling across the grass. As he chased after it, Jake stumbled onto a patch of daisies, sending petals flying into the air like confetti. With a triumphant bark, he pounced on the lemon, but instead of a satisfying chew, he recoiled from the sour surprise that burst between his teeth. After a moment of contemplation, he decided that chasing daisies was far more enjoyable than battling the bitter fruit.",text_b
169,"Instruction: Write a short story containing an animal and a fruit.

Output: Baxter, the cheerful golden retriever, trotted through the sunlit garden, his eyes fixed on the bright yellow lemon that had fallen from the tree. Curiosity piqued, he nudged the citrus with his nose, sending it rolling across the grass. With a playful bark, he chased after it, delighting in the way it slipped and spun. Just as he pounced, the lemon burst open, releasing a tangy scent that made him stop in his tracks and sneeze. Confused but still wagging his tail, Baxter decided that maybe chasing balls was more his style.","Instruction: Write a short story containing an animal and a fruit.

Output: Buddy, the golden retriever, bounded through the garden, his nose twitching with excitement. Just as he stopped to sniff a patch of vibrant flowers, a plump, red raspberry rolled past his paw, glistening in the sunlight. With a swift flick of his tongue, he snatched it up, savoring the sweet burst of flavor. The garden seemed to come alive as he pranced around, raspberry juice dripping from his chin, a proud look in his eyes. In that moment, Buddy wasn’t just a dog; he was the king of the garden, ruling over his realm with a fruity crown.",text_a
170,"Instruction: Write a short story containing an animal and a fruit.

Output: Baxter the golden retriever trotted through the sunlit garden, his nose twitching as he caught a whiff of something sweet. His eyes landed on a plump raspberry, glistening with morning dew, nestled among the green leaves. Curious, he nudged it gently with his snout, sending it tumbling across the soil. With a playful bark, he pounced after it, his tail wagging in joy, only to realize he had created a delicious mess. Content, Baxter plopped down in the sunshine, savoring both the taste of the berry juice on his nose and the simple pleasure of a warm summer day.","Instruction: Write a short story containing an animal and a fruit.

Output: On a sunny afternoon, a curious golden retriever named Benny discovered a bright yellow lemon rolling across the yard. With a playful bark, he pounced on it, his tail wagging furiously as he clamped his mouth around the tart fruit. To his surprise, the sour taste made him scrunch up his face, causing his owner, Lily, to burst into laughter. Undeterred, Benny dropped the lemon and nudged it toward her, inviting her to join in his playful game. From that day on, every time Lily brought out the lemon, Benny would wag his tail, ready for a fun chase.",text_b
171,"Instruction: Write a short story containing an animal and a fruit.

Output: Whiskers, the curious tabby cat, prowled through the garden, her emerald eyes scanning for any signs of mischief. Suddenly, she caught a glimpse of a plump raspberry gleaming in the sunlight, nestled among the leaves. With a swift pounce, she batted the berry, sending it rolling across the dirt, its vivid red hue contrasting against the earthy tones. Intrigued, Whiskers chased after it, only to discover that the tart scent invited her to nibble, leaving her with a bewildered look and a hesitant lick of the juice on her paw. From that day on, the raspberry became her secret treasure, signaling the start of many playful afternoons in the garden.","Instruction: Write a short story containing an animal and a fruit.

Output: Whiskers the cat lounged lazily in the afternoon sun, dreaming of adventures, when a sudden gust of wind sent a bright yellow lemon rolling across the porch. Intrigued, she pounced, batting the citrus fruit with her paw, sending it tumbling into the flower bed. The lemon's zest burst forth, flooding the air with a tangy aroma that made Whiskers pause. With a flick of her tail and a dash of curiosity, she took a tentative lick, her eyes widening at the unexpected burst of flavor. From that day on, the lemon became her favorite toy, a zesty companion in her sun-soaked escapades.",text_a
172,"Instruction: Write a short story containing an animal and a fruit.

Output: In a sunlit garden, a curious golden retriever named Buddy discovered a plump, ripe raspberry dangling from a bush. With a gentle nudge of his nose, he knocked it to the ground, watching it roll away with delight. Sensing a game, he chased after the berry, pouncing and tumbling in the soft grass. Eventually, he caught up to it, delicately picking it up in his mouth, but instead of eating it, he presented the tiny treasure to his owner with a proud wag of his tail. Together, they shared a laugh, as Buddy's first raspberry became the sweetest treat of all.","Instruction: Write a short story containing an animal and a fruit.

Output: Whiskers, the mischievous tabby, watched intently as the plump raspberry rolled off the kitchen counter, its ruby hue glistening in the sunlight. With a swift leap, he pounced, batting the berry across the floor like a tiny soccer ball. Each time the raspberry veered away, it taunted him, as if it had a mind of its own. Finally, with one triumphant swipe of his paw, he sent it sailing into his food bowl, claiming victory. Purring contentedly, Whiskers settled down for a nap, the sweet scent of fruity conquest lingering in the air.",text_b
173,"Instruction: Write a short story containing an animal and a fruit.

Output: In the sunny backyard, a golden retriever named Buddy discovered a bright yellow lemon nestled among the grass. Curious, he pawed at it, sending it rolling across the yard, and then chased after it with joyous barks. Each time he caught up, he playfully nudged it with his nose, only to watch it escape again. Suddenly, a curious neighbor poked his head over the fence, laughing at Buddy’s antics and offering him a slice of lemon to taste. With a comical scrunch of his nose, Buddy decided that chasing the lemon was far more fun than eating it.","Instruction: Write a short story containing an animal and a fruit.

Output: Whiskers, the mischievous tabby, watched intently as the plump raspberry rolled off the kitchen counter, its ruby hue glistening in the sunlight. With a swift leap, he pounced, batting the berry across the floor like a tiny soccer ball. Each time the raspberry veered away, it taunted him, as if it had a mind of its own. Finally, with one triumphant swipe of his paw, he sent it sailing into his food bowl, claiming victory. Purring contentedly, Whiskers settled down for a nap, the sweet scent of fruity conquest lingering in the air.",text_b
174,"Instruction: Write a short story containing an animal and a fruit.

Output: Whiskers, the curious orange tabby, prowled through the garden, his nose twitching at the sweet scent of ripe raspberries. Spotting a plump berry nestled among the thorny branches, he pounced, only to tumble head over paws into a patch of soft grass. Dazed but undeterred, he batted the berry with his paw, sending it rolling across the ground. Captivated, he chased after it, delighted as it made a mess of his whiskers and a bright red stain on his fur. As the sun set, Whiskers lay sprawled in the grass, satisfied, with his newfound treasure resting beside him like a trophy of his playful adventure.","Instruction: Write a short story containing an animal and a fruit.

Output: Baxter the golden retriever sniffed curiously at the bright yellow lemon that had rolled off the kitchen counter and onto the floor. With a playful bounce, he nudged it with his nose, watching it tumble across the tile. Intrigued, he grabbed it with his mouth, only to recoil at the sour burst of flavor that spread across his tongue. Shaking his head, he dropped the lemon and trotted away, leaving it to roll to a stop beneath the table. Moments later, he returned with his favorite ball, ready for a game that didn’t involve sour surprises.",text_a
176,"Instruction: Write a short story containing an animal and a fruit.

Output: Milo, the golden retriever, trotted happily around the garden, his nose twitching at the scent of fresh berries. His eyes brightened when he spotted a plump raspberry dangling from a low-hanging branch, shimmering like a jewel in the sunlight. With a playful leap, he snatched it up, but the sweet burst of flavor surprised him; he had never tasted anything quite like it before. Rushing back to his owner, he dropped the raspberry at her feet, looking up with eager eyes, as if to say, ""Can we have more of these?"" The two soon settled down on the porch, enjoying their sunny afternoon—she with a bowl of raspberries and he, content just to be by her side.","Instruction: Write a short story containing an animal and a fruit.

Output: Whiskers, the curious tabby cat, prowled through the garden one sunny afternoon, her eyes gleaming with mischief. Spotting a plump, red raspberry nestled among the leaves, she swatted at it with her paw, sending it tumbling across the ground. Intrigued, she chased after the fruit, her tiny claws digging into the soft earth as she leapt and pounced. Finally, after several playful moments, she caught up to it and gingerly nudged it with her nose, only to watch in wide-eyed wonder as it squished beneath her weight, releasing a sweet and tangy aroma. With a satisfied flick of her tail, Whiskers trotted off, leaving behind a tiny, sticky mess and the promise of more adventures to come.",text_b
177,"Instruction: Write a short story containing an animal and a fruit.

Output: Whiskers, the curious tabby cat, prowled through the garden one sunny afternoon, her eyes gleaming with mischief. Spotting a plump, red raspberry nestled among the leaves, she swatted at it with her paw, sending it tumbling across the ground. Intrigued, she chased after the fruit, her tiny claws digging into the soft earth as she leapt and pounced. Finally, after several playful moments, she caught up to it and gingerly nudged it with her nose, only to watch in wide-eyed wonder as it squished beneath her weight, releasing a sweet and tangy aroma. With a satisfied flick of her tail, Whiskers trotted off, leaving behind a tiny, sticky mess and the promise of more adventures to come.","Instruction: Write a short story containing an animal and a fruit.

Output: On a sunny afternoon, Benny the golden retriever stumbled upon a bright yellow lemon rolling across the yard. Curiously, he nudged it with his nose, sending it spiraling into a patch of daisies. Intrigued by its sudden journey, he chased after it, his tail wagging furiously. As he caught up, he happily pounced on the lemon, only to reel back in surprise at its tart scent. With a confused woof, he decided it was best to stick to his favorite tennis ball instead.",text_a
178,"Instruction: Write a short story containing an animal and a fruit.

Output: Baxter, the golden retriever, watched intently as Lucy sliced a bright yellow lemon in the kitchen, the citrus aroma filling the air. Curious, he trotted over, his tail wagging with anticipation, but recoiled as Lucy's laughter echoed through the room at his puzzled expression. With a swift toss, she rolled the lemon across the floor, and Baxter pounced, the tangy scent igniting a playful spark in him. He pushed the lemon with his nose, sending it squeaking across the tiles, before he finally took a brave lick, his face scrunching in surprise at the sour taste. Once he realized it was just a game, he barked joyfully, running in circles around the lemon, proving that even the sourest surprises can lead to the sweetest fun.","Instruction: Write a short story containing an animal and a fruit.

Output: Whiskers, the curious tabby cat, spotted a glistening raspberry sitting atop the kitchen counter, its vibrant red hue calling to her like a forbidden gem. With a nimble leap, she landed beside the fruit, her whiskers twitching in anticipation. Just as she was about to bat it off the edge, her owner walked in, startling her into a playful pounce. The raspberry rolled away, escaping her grasp, and found its way under the table, where it lay in solitude. Whiskers sat, tail flicking, plotting her next move—the hunt was on, and nothing could distract her from her fruity prey.",text_b
179,"Instruction: Write a short story containing an animal and a fruit.

Output: In a sunlit garden, Charlie the golden retriever discovered a plump, ripe raspberry hidden among the leaves. Curiosity stirred, he nudged it with his nose, watching as it rolled free and tumbled across the grass. With a playful bark, he pounced, his paws sending it flying into the air. As it landed with a soft splat, Charlie licked his lips, savoring the sweet burst of flavor. From that day on, every raspberry season brought a new adventure for Charlie, the garden explorer on a fruity quest.","Instruction: Write a short story containing an animal and a fruit.

Output: Baxter the golden retriever sniffed curiously at the bright yellow lemon that had rolled off the kitchen counter and onto the floor. With a playful bounce, he nudged it with his nose, watching it tumble across the tile. Intrigued, he grabbed it with his mouth, only to recoil at the sour burst of flavor that spread across his tongue. Shaking his head, he dropped the lemon and trotted away, leaving it to roll to a stop beneath the table. Moments later, he returned with his favorite ball, ready for a game that didn’t involve sour surprises.",text_b
180,"Instruction: Write a short story containing an animal and a fruit.

Output: Luna, the curious cat, sat perched on the sunny windowsill, her emerald eyes fixated on a bright yellow lemon rolling across the kitchen counter. With a swift paw swipe, she sent the lemon tumbling to the floor, where it landed with a soft thud. Intrigued by its zesty scent, Luna cautiously approached, giving it a tentative nuzzle. Just then, her owner entered and, chuckling at the sight, picked up the lemon, offering it to Luna like a rare treasure. Undeterred, Luna flicked her tail and turned to chase a sunbeam instead, leaving the lemon to rest in its citrusy solitude.","Instruction: Write a short story containing an animal and a fruit.

Output: Baxter, a scruffy terrier with a nose for mischief, discovered a bright yellow lemon rolling across the sunlit backyard. Curiosity piqued, he pounced on it, sending it skittering under the garden bench. With a determined bark, he dug it out, only to find his owner laughing as he proudly presented his unconventional treasure. The sun glinted off the lemon, and Baxter wagged his tail, convinced he had just found the world's best toy. From that day on, the lemon became their favorite plaything, bringing endless joy and laughter to their days together.",text_b
181,"Instruction: Write a short story containing an animal and a fruit.

Output: Baxter, the scruffy terrier, had never tasted a lemon before. One sunny afternoon, he discovered a half-squished lemon lying on the porch, its citrus scent tantalizing his curious nose. With a playful bound, he pounced on it, rolling it across the floor with his paws, completely unaware of the tangy surprise it held. When he finally took a brave nibble, his face scrunched up in bewilderment, prompting a series of comical barks that echoed through the yard. From that day on, Baxter's adventures included finding more fruits to taste, but nothing could quite compare to that first, zesty encounter with the lemon.","Instruction: Write a short story containing an animal and a fruit.

Output: Whiskers the cat watched intently as a plump raspberry rolled off the kitchen counter and bounced onto the floor. Curious, he pounced, batting the vibrant red fruit with his paw, sending it skittering across the tiles. The raspberry danced in the sunlight, leaving a trail of juice as it went, capturing Whiskers's full attention. With a final leap, he captured his prize, only to discover that the sweet-tart flavor was rather puzzling. A satisfied purr rumbled from his chest as he settled down, contemplating the mysterious delight that had just turned his afternoon into an unexpected adventure.",text_b
182,"Instruction: Write a short story containing an animal and a fruit.

Output: Baxter the golden retriever trotted through the sunlit garden, his nose twitching as he caught a whiff of something sweet. His eyes landed on a plump raspberry, glistening with morning dew, nestled among the green leaves. Curious, he nudged it gently with his snout, sending it tumbling across the soil. With a playful bark, he pounced after it, his tail wagging in joy, only to realize he had created a delicious mess. Content, Baxter plopped down in the sunshine, savoring both the taste of the berry juice on his nose and the simple pleasure of a warm summer day.","Instruction: Write a short story containing an animal and a fruit.

Output: Baxter, the playful golden retriever, spotted a bright yellow lemon rolling down the sidewalk. With a curious tilt of his head, he pounced on it, sending it bouncing into the grass. The tangy scent intrigued him, and he began to nuzzle it with his nose, making it roll even further. Just as he was about to take a playful bite, his owner called out, laughter bubbling up, ""Baxter, that’s not a ball!"" Realizing it wasn’t meant for chewing, Baxter gave the lemon one last nudge before trotting off in search of a real toy.",text_b
183,"Instruction: Write a short story containing an animal and a fruit.

Output: In the sunny backyard, a golden retriever named Buddy discovered a bright yellow lemon nestled among the grass. Curious, he pawed at it, sending it rolling across the yard, and then chased after it with joyous barks. Each time he caught up, he playfully nudged it with his nose, only to watch it escape again. Suddenly, a curious neighbor poked his head over the fence, laughing at Buddy’s antics and offering him a slice of lemon to taste. With a comical scrunch of his nose, Buddy decided that chasing the lemon was far more fun than eating it.","Instruction: Write a short story containing an animal and a fruit.

Output: Whiskers, the curious tabby cat, prowled through the garden one sunny afternoon, her eyes gleaming with mischief. Spotting a plump, red raspberry nestled among the leaves, she swatted at it with her paw, sending it tumbling across the ground. Intrigued, she chased after the fruit, her tiny claws digging into the soft earth as she leapt and pounced. Finally, after several playful moments, she caught up to it and gingerly nudged it with her nose, only to watch in wide-eyed wonder as it squished beneath her weight, releasing a sweet and tangy aroma. With a satisfied flick of her tail, Whiskers trotted off, leaving behind a tiny, sticky mess and the promise of more adventures to come.",text_b
184,"Instruction: Write a short story containing an animal and a fruit.

Output: Whiskers the cat lounged lazily on the windowsill, eyeing the vibrant lemon resting on the kitchen counter. Intrigued by its bright yellow hue, he leaped down and cautiously approached, his whiskers twitching with curiosity. With a gentle paw, he nudged the lemon, sending it rolling to the floor with a comical thud. In an instant, it split open, releasing a tangy aroma that made Whiskers wrinkle his nose in surprise. As he backed away, he decided that maybe some mysteries were better left unsolved, and he returned to his sunny perch, dreaming of fish instead.","Instruction: Write a short story containing an animal and a fruit.

Output: Whiskers the cat prowled through the garden, her emerald eyes glinting with curiosity. Spotting a vibrant raspberry nestled among the leaves, she snatched it up, intrigued by its plumpness and hue. With a playful flick of her paw, she rolled it across the grass, chasing it like a tiny, fragrant prey. As the berry squished under her weight, its sweet scent filled the air, drawing a puzzled glance from her human, who watched from the patio. In that moment, Whiskers decided that the raspberry was no ordinary fruit; it was her prized trophy, and she would defend it against all odds.",text_b
185,"Instruction: Write a short story containing an animal and a fruit.

Output: In a sunlit garden, Charlie the golden retriever discovered a plump, ripe raspberry hidden among the leaves. Curiosity stirred, he nudged it with his nose, watching as it rolled free and tumbled across the grass. With a playful bark, he pounced, his paws sending it flying into the air. As it landed with a soft splat, Charlie licked his lips, savoring the sweet burst of flavor. From that day on, every raspberry season brought a new adventure for Charlie, the garden explorer on a fruity quest.","Instruction: Write a short story containing an animal and a fruit.

Output: On a bright summer afternoon, Milo, a curious golden retriever, spotted a bright yellow lemon rolling across the yard. With a playful bark, he chased it, his tail wagging furiously as he caught the tangy treasure between his paws. Intrigued, he tilted his head and gave it a tentative lick, only to recoil at the sour surprise. Undeterred, he nudged it with his nose, sending it tumbling into the garden where it was promptly intercepted by a butterfly. As Milo watched the colorful creature dance around the lemon, he decided that sometimes, the joy of discovery was sweeter than any fruit.",text_b
186,"Instruction: Write a short story containing an animal and a fruit.

Output: Whiskers the cat prowled through the garden, his keen eyes catching a glimpse of a shiny red raspberry nestled among the leaves. Intrigued, he pounced, thinking it was a tempting toy. With a gentle nudge, the raspberry rolled away, and Whiskers chased it, his paws tapping softly on the earth. As he finally caught up, he sniffed the sweet fruit and decided it was far too delicious to ignore. With a satisfied flick of his tail, he plopped down to enjoy the unexpected treat, a happy purr rumbling from his chest.","Instruction: Write a short story containing an animal and a fruit.

Output: Baxter, the playful golden retriever, spotted a bright yellow lemon rolling down the sidewalk. With a curious tilt of his head, he pounced on it, sending it bouncing into the grass. The tangy scent intrigued him, and he began to nuzzle it with his nose, making it roll even further. Just as he was about to take a playful bite, his owner called out, laughter bubbling up, ""Baxter, that’s not a ball!"" Realizing it wasn’t meant for chewing, Baxter gave the lemon one last nudge before trotting off in search of a real toy.",text_a
187,"Instruction: Write a short story containing an animal and a fruit.

Output: In a sunlit garden, Charlie the golden retriever discovered a plump, ripe raspberry hidden among the leaves. Curiosity stirred, he nudged it with his nose, watching as it rolled free and tumbled across the grass. With a playful bark, he pounced, his paws sending it flying into the air. As it landed with a soft splat, Charlie licked his lips, savoring the sweet burst of flavor. From that day on, every raspberry season brought a new adventure for Charlie, the garden explorer on a fruity quest.","Instruction: Write a short story containing an animal and a fruit.

Output: Whiskers the cat, with his glossy fur and mischievous eyes, prowled the kitchen in search of adventure. One sunny afternoon, he stumbled upon a plump lemon resting on the counter, its vibrant yellow skin catching his gaze. Intrigued, he batted it with a paw, sending it rolling across the floor, where it became an unexpected target for his playful antics. As he pounced and danced around the lemon, he imagined it was a lively creature, taunting him with its zesty charm. Finally, with a triumphant leap, he caught it in his claws, only to discover that sometimes, the most delightful treasures were simply meant to be enjoyed from a distance.",text_a
188,"Instruction: Write a short story containing an animal and a fruit.

Output: Milo, the golden retriever, trotted happily around the garden, his nose twitching at the scent of fresh berries. His eyes brightened when he spotted a plump raspberry dangling from a low-hanging branch, shimmering like a jewel in the sunlight. With a playful leap, he snatched it up, but the sweet burst of flavor surprised him; he had never tasted anything quite like it before. Rushing back to his owner, he dropped the raspberry at her feet, looking up with eager eyes, as if to say, ""Can we have more of these?"" The two soon settled down on the porch, enjoying their sunny afternoon—she with a bowl of raspberries and he, content just to be by her side.","Instruction: Write a short story containing an animal and a fruit.

Output: Whiskers, the mischievous tabby cat, found a bright lemon rolling off the kitchen counter and pounced on it with delight. Intrigued by its smooth, yellow surface, he swatted it across the floor, watching it bounce with every tap. Just as he got ready for one final pounce, the lemon burst open, releasing its tangy scent and startling him into a playful leap. Confused but intrigued, Whiskers began to bat at the pieces, treating them as treasures from a hidden garden. From that day on, the lemon became his favorite companion, a vibrant reminder that adventure could be found in the most unexpected places.",text_a
189,"Instruction: Write a short story containing an animal and a fruit.

Output: In the midst of summer, a furry tabby named Whiskers lounged on the windowsill, basking in the sun's warm glow. One day, a plump raspberry rolled off the kitchen counter, escaping the baker's careless grip as she measured out her ingredients. Intrigued by the vibrant red fruit, Whiskers leaped down and batted it playfully across the floor, its juicy sweetness leaving a trail of crimson on his paws. Suddenly, he found himself licking the residue, his taste buds awakening in delight. From that day on, every time the baker made her famous tarts, Whiskers patiently waited by the counter, dreaming of more raspberry adventures.","Instruction: Write a short story containing an animal and a fruit.

Output: In a sunny garden, Bella the golden retriever discovered a bright yellow lemon rolling across the grass. Curious, she nudged it with her nose, sending it into a wild spin that made her bark in delight. As she chased the zesty fruit, it slipped into a patch of clovers, and Bella dug her paws into the soft earth, unearthing a hidden treasure of playful butterflies instead. Captivated, she forgot about the lemon, happily bounding after her new fluttery friends. Sometimes, the sweetest adventures are found where you least expect them.",text_a
191,"Instruction: Write a short story containing an animal and a fruit.

Output: Milo, the golden retriever, trotted happily around the garden, his nose twitching at the scent of fresh berries. His eyes brightened when he spotted a plump raspberry dangling from a low-hanging branch, shimmering like a jewel in the sunlight. With a playful leap, he snatched it up, but the sweet burst of flavor surprised him; he had never tasted anything quite like it before. Rushing back to his owner, he dropped the raspberry at her feet, looking up with eager eyes, as if to say, ""Can we have more of these?"" The two soon settled down on the porch, enjoying their sunny afternoon—she with a bowl of raspberries and he, content just to be by her side.","Instruction: Write a short story containing an animal and a fruit.

Output: In a sunny backyard, a curious golden retriever named Jake discovered a bright yellow lemon lying beneath the tree. Intrigued by its vibrant color and unusual scent, he nudged it with his nose, sending it rolling across the grass. As he chased after it, Jake stumbled onto a patch of daisies, sending petals flying into the air like confetti. With a triumphant bark, he pounced on the lemon, but instead of a satisfying chew, he recoiled from the sour surprise that burst between his teeth. After a moment of contemplation, he decided that chasing daisies was far more enjoyable than battling the bitter fruit.",text_b
192,"Instruction: Write a short story containing an animal and a fruit.

Output: Baxter, the golden retriever, trotted happily through the sunny park, a bright yellow lemon clutched in his mouth. He had spotted it rolling away from a picnic blanket and thought it must be a new toy. Curious onlookers giggled as he playfully dropped it, only to chase it down again, his tail wagging furiously. With each joyous pounce, the sour scent filled the air, causing his canine friends to sniff with bewilderment. In the end, Baxter decided he'd had enough fun and pranced away, leaving the perplexed lemon behind, as if it were a puzzle only he could understand.","Instruction: Write a short story containing an animal and a fruit.

Output: Whiskers the cat lounged lazily on the windowsill, eyeing the vibrant lemon resting on the kitchen counter. Intrigued by its bright yellow hue, he leaped down and cautiously approached, his whiskers twitching with curiosity. With a gentle paw, he nudged the lemon, sending it rolling to the floor with a comical thud. In an instant, it split open, releasing a tangy aroma that made Whiskers wrinkle his nose in surprise. As he backed away, he decided that maybe some mysteries were better left unsolved, and he returned to his sunny perch, dreaming of fish instead.",text_a
193,"Instruction: Write a short story containing an animal and a fruit.

Output: Whiskers, the mischievous tabby cat, spotted a plump raspberry resting on the windowsill, glistening in the afternoon sun. Intrigued, he hopped up and stretched a paw, batting the tiny fruit until it rolled precariously to the edge. Just as it teetered on the brink, he pounced, sending it tumbling to the floor where it burst open with a juicy splat. Startled, Whiskers leaped back, tail fluffed like a feather duster, before tentatively creeping forward to lick the delicious red smudge left behind. With a triumphant flick of his whiskers, he decided that perhaps this peculiar berry wasn’t so scary after all.","Instruction: Write a short story containing an animal and a fruit.

Output: Baxter, a scruffy terrier with a nose for mischief, discovered a bright yellow lemon rolling across the sunlit backyard. Curiosity piqued, he pounced on it, sending it skittering under the garden bench. With a determined bark, he dug it out, only to find his owner laughing as he proudly presented his unconventional treasure. The sun glinted off the lemon, and Baxter wagged his tail, convinced he had just found the world's best toy. From that day on, the lemon became their favorite plaything, bringing endless joy and laughter to their days together.",text_a
194,"Instruction: Write a short story containing an animal and a fruit.

Output: Whiskers the cat lounged in the sun, lazily batting at a bright yellow lemon that had rolled off the kitchen counter. Intrigued by its zesty scent, he gave it a tentative sniff, then pounced, sending it skidding across the wooden floor. With each playful swipe, the lemon wobbled and danced, momentarily becoming a lively foe in his feline kingdom. Eventually, exhausted from his antics, Whiskers curled up beside the lemon, now a warm reminder of his afternoon adventure. As he drifted off to sleep, a tiny drop of lemon juice rolled off the fruit, landing softly on his nose, and he twitched in his dreams of citrus escapades.","Instruction: Write a short story containing an animal and a fruit.

Output: In a sunny backyard, a curious golden retriever named Charlie discovered a bright yellow lemon that had rolled from the picnic table. Intrigued, he nudged it with his nose, only to watch it bounce away like a playful ball. As he chased it across the grass, Charlie couldn't help but bark excitedly, while the lemon rolled into a patch of daisies. When he finally caught up, he proudly picked it up, only to be met with a bewildered look from his owner, who laughed at the sight. From that day on, Charlie and his new citrus friend became inseparable, bringing joyful chaos to every sunny afternoon.",text_b
195,"Instruction: Write a short story containing an animal and a fruit.

Output: Whiskers the cat, with his glossy fur and mischievous eyes, prowled the kitchen in search of adventure. One sunny afternoon, he stumbled upon a plump lemon resting on the counter, its vibrant yellow skin catching his gaze. Intrigued, he batted it with a paw, sending it rolling across the floor, where it became an unexpected target for his playful antics. As he pounced and danced around the lemon, he imagined it was a lively creature, taunting him with its zesty charm. Finally, with a triumphant leap, he caught it in his claws, only to discover that sometimes, the most delightful treasures were simply meant to be enjoyed from a distance.","Instruction: Write a short story containing an animal and a fruit.

Output: Whiskers, the curious tabby, prowled through the garden when she spotted a glistening red raspberry nestled among the leaves. Intrigued, she batted it with her paw, sending it rolling across the dewy grass. The little fruit wobbled, making a sound that made her perk up her ears. In a spirited leap, she pounced, only to find herself tumbling head over paws, the raspberry escaping unscathed. As she regained her footing, Whiskers watched it roll into the sun, deciding that perhaps some things were better left uneaten.",text_b
196,"Instruction: Write a short story containing an animal and a fruit.

Output: Baxter, the scruffy terrier, pranced through the garden, his nose twitching at the sweet scent of ripe fruit. Spotting a plump raspberry nestled among the leaves, he snatched it up with a playful determination, believing it to be the treasure of the day. As he joyfully bounced back to his owner, the juicy fruit slipped from his mouth, landing on the ground with a splat. Instead of sulking, Baxter dove after it, delighted by the new adventure of chasing the rolling raspberry. In that moment, he realized that sometimes the joy isn’t just in the treasure itself, but in the fun of the chase.","Instruction: Write a short story containing an animal and a fruit.

Output: Whiskers the cat was lounging in a sunbeam when a bright, plump lemon rolled off the kitchen counter and landed right beside him. Curious, he gave it a gentle pawing, watching it wobble precariously before coming to a stop. Intrigued by this strange, yellow orb, he began to bat it playfully, imagining it was a mouse. Suddenly, the lemon burst open, its tangy scent filling the air, and Whiskers leaped back in surprise, his whiskers twitching. As he cautiously approached the citrus explosion, he realized that some surprises were worth the risk of a little sour—after all, adventure was just a paw’s swipe away.",text_a
197,"Instruction: Write a short story containing an animal and a fruit.

Output: In the midst of summer, a furry tabby named Whiskers lounged on the windowsill, basking in the sun's warm glow. One day, a plump raspberry rolled off the kitchen counter, escaping the baker's careless grip as she measured out her ingredients. Intrigued by the vibrant red fruit, Whiskers leaped down and batted it playfully across the floor, its juicy sweetness leaving a trail of crimson on his paws. Suddenly, he found himself licking the residue, his taste buds awakening in delight. From that day on, every time the baker made her famous tarts, Whiskers patiently waited by the counter, dreaming of more raspberry adventures.","Instruction: Write a short story containing an animal and a fruit.

Output: Sophie the cat lounged lazily in the sun, her emerald eyes half-closed as she watched a ripe lemon roll across the patio. Intrigued by its vibrant yellow hue, she pounced, batting it with her paw until it tumbled off the edge and landed with a soft thud on the grass. As she cautiously approached, the tangy scent wafted up, and she wrinkled her nose in surprise. Determined to conquer this strange intruder, she swatted it again, only to find herself backpedaling as the lemon rolled away. With a disgruntled flick of her tail, Sophie decided that perhaps conquering the wild world wasn't worth the trouble of citrus tang.",text_a
198,"Instruction: Write a short story containing an animal and a fruit.

Output: Whiskers the cat prowled around the kitchen, her emerald eyes fixated on a bright yellow lemon perched on the countertop. With a swift leap, she knocked it off, watching in delight as it rolled across the floor. Intrigued, she batted it with her paw, only to recoil when the tangy scent filled the air. Deciding it was too sour for her liking, she settled down next to the fruit and let out a contented purr, claiming it as her new toy. From that day on, the lemon became an odd companion, a testament to Whiskers' curiosity and the simple joys of feline life.","Instruction: Write a short story containing an animal and a fruit.

Output: On a sunny afternoon, a curious golden retriever named Buddy wandered into the garden, his nose twitching with excitement. There, nestled among the leaves, he found a plump, red raspberry glistening in the sunlight. With a gentle nudge, he knocked it loose, watching it roll across the ground with wide eyes. As he pounced after it, the raspberry squished between his paws, sending a burst of sweet juice into the air. Happy with his find, Buddy trotted back to his owner, leaving a trail of red paw prints behind him.",text_b
201,"Instruction: Write a short story containing an animal and a fruit.

Output: Baxter, the golden retriever, had always been curious about the strange yellow fruit that rolled off the kitchen counter. One sunny afternoon, he nudged the lemon with his nose, watching in fascination as it tumbled across the floor. With a playful bark, he pounced, catching it in his mouth, only to be startled by its sharp tang. After a cautious taste, he decided the lemon was not to his liking and dropped it, where it landed near his owner, who laughed and picked it up. From that day on, whenever the scent of citrus filled the air, Baxter would wag his tail in anticipation—not for the fruit, but for the fun that usually followed.","Instruction: Write a short story containing an animal and a fruit.

Output: Benny the golden retriever bounded through the garden, his nose twitching at the sweet scent of ripe fruit. Spotting a plump raspberry nestled among the leaves, he scooped it up in his mouth, only to find it burst with juice, staining his fur a cheerful red. As he trotted back to his owner, the little girl giggled and pointed at her goofy dog, declaring him a “raspberry prince.” In his simple, joyful way, Benny seemed to bask in the royal title, wagging his tail with pride. From that day on, the garden became their kingdom, filled with laughter and the delightful chaos of a dog who loved fruit.",text_a
202,"Instruction: Write a short story containing an animal and a fruit.

Output: Whiskers the cat lounged lazily in the afternoon sun, his gaze fixed on a bright yellow lemon that rolled slowly across the garden path. Curiosity piqued, he pounced, sending the citrus fruit bouncing into a patch of wildflowers. Intrigued by its zesty scent, he batted it playfully, only to find his paw slipping on the smooth surface, sending him tumbling backward into a rose bush. Dizzy but undeterred, Whiskers emerged with a petal crown and a newfound respect for lemons. From that day on, he kept a watchful eye on the sunny fruit, knowing adventure lurked in unexpected places.","Instruction: Write a short story containing an animal and a fruit.

Output: Benny, a curious golden retriever, sniffed the air and trotted towards the berry patch in his backyard. He spotted a plump raspberry glistening under the afternoon sun and, unable to resist, plucked it from its stem with a gentle nip. As he rolled the sweet fruit around in his mouth, an unexpected burst of flavor made him leap with joy. For the rest of the day, Benny flitted between the garden and the kitchen, hoping to find more delicious treasures. Little did he know, his owner had baked a raspberry pie, and Benny’s newfound obsession would lead to a delightful afternoon of shared treats.",text_b
203,"Instruction: Write a short story containing an animal and a fruit.

Output: Baxter, the cheerful golden retriever, trotted through the sunlit garden, his eyes fixed on the bright yellow lemon that had fallen from the tree. Curiosity piqued, he nudged the citrus with his nose, sending it rolling across the grass. With a playful bark, he chased after it, delighting in the way it slipped and spun. Just as he pounced, the lemon burst open, releasing a tangy scent that made him stop in his tracks and sneeze. Confused but still wagging his tail, Baxter decided that maybe chasing balls was more his style.","Instruction: Write a short story containing an animal and a fruit.

Output: Baxter, the curious golden retriever, discovered a vibrant raspberry hidden among the bramble in the garden. With a playful wag of his tail, he nudged the berry with his nose, sending it tumbling down the slope. Intrigued, he trotted after it, snapping it up just as it rolled to a stop. To his surprise, the burst of sweet-tart flavor exploded in his mouth, making him wag his tail even harder. From that day forward, Baxter made it his mission to find and savor every raspberry in the garden, one delightful nibble at a time.",text_a
204,"Instruction: Write a short story containing an animal and a fruit.

Output: Whiskers, the mischievous tabby cat, found a bright lemon rolling off the kitchen counter and pounced on it with delight. Intrigued by its smooth, yellow surface, he swatted it across the floor, watching it bounce with every tap. Just as he got ready for one final pounce, the lemon burst open, releasing its tangy scent and startling him into a playful leap. Confused but intrigued, Whiskers began to bat at the pieces, treating them as treasures from a hidden garden. From that day on, the lemon became his favorite companion, a vibrant reminder that adventure could be found in the most unexpected places.","Instruction: Write a short story containing an animal and a fruit.

Output: Baxter, a scruffy terrier with a nose for mischief, discovered a bright yellow lemon rolling across the sunlit backyard. Curiosity piqued, he pounced on it, sending it skittering under the garden bench. With a determined bark, he dug it out, only to find his owner laughing as he proudly presented his unconventional treasure. The sun glinted off the lemon, and Baxter wagged his tail, convinced he had just found the world's best toy. From that day on, the lemon became their favorite plaything, bringing endless joy and laughter to their days together.",text_b
205,"Instruction: Write a short story containing an animal and a fruit.

Output: Whiskers, the mischievous tabby, watched intently as the plump raspberry rolled off the kitchen counter, its ruby hue glistening in the sunlight. With a swift leap, he pounced, batting the berry across the floor like a tiny soccer ball. Each time the raspberry veered away, it taunted him, as if it had a mind of its own. Finally, with one triumphant swipe of his paw, he sent it sailing into his food bowl, claiming victory. Purring contentedly, Whiskers settled down for a nap, the sweet scent of fruity conquest lingering in the air.","Instruction: Write a short story containing an animal and a fruit.

Output: Whiskers, the mischievous tabby, perched on the kitchen counter, his amber eyes wide with curiosity. Beneath his paw lay a bright yellow lemon, gleaming like a tiny sun. With a swift swipe, he sent it rolling across the floor, the citrus fruit bouncing in unpredictable directions. Intrigued by the chase, Whiskers pounced and skidded to a halt, surprised as the lemon squished under his weight. The zesty aroma filled the air, and as he stepped back, a newfound respect for the quirky fruit blossomed in his feline heart.",text_a
206,"Instruction: Write a short story containing an animal and a fruit.

Output: In a sunlit garden, Charlie the golden retriever discovered a plump, ripe raspberry hidden among the leaves. Curiosity stirred, he nudged it with his nose, watching as it rolled free and tumbled across the grass. With a playful bark, he pounced, his paws sending it flying into the air. As it landed with a soft splat, Charlie licked his lips, savoring the sweet burst of flavor. From that day on, every raspberry season brought a new adventure for Charlie, the garden explorer on a fruity quest.","Instruction: Write a short story containing an animal and a fruit.

Output: In a sunlit backyard, Charlie the dog frolicked among the daisies, his tail wagging like a little flag. Suddenly, he spotted a bright yellow object rolling across the grass—an abandoned lemon from the picnic table. Intrigued, Charlie pounced on it, his nose crinkling at the sour scent, but he couldn't resist the playful chase it inspired. With a joyful bark, he began to toss the lemon in the air, its zesty aroma filling the air as he spun in circles. As the sun dipped below the horizon, Charlie lay contentedly among the daisies, the lemon forgotten but the joy of play forever etched in his heart.",text_b
207,"Instruction: Write a short story containing an animal and a fruit.

Output: In a sunlit garden, a playful golden retriever named Charlie discovered a lone raspberry nestled among the leaves. With a gentle nudge of his nose, the plump berry tumbled to the ground, rolling away as if inviting a chase. Thrilled by the unexpected game, Charlie bounded after it, his tail wagging like a flag of joy. Just as he caught up and scooped it up with his mouth, his owner laughed, recalling how that very raspberry had been her first successful garden planting. With a contented sigh, Charlie plopped down, savoring the sweet morsel while basking in the warmth of love and sunlight.","Instruction: Write a short story containing an animal and a fruit.

Output: Whiskers the cat was lounging in a sunbeam when a bright, plump lemon rolled off the kitchen counter and landed right beside him. Curious, he gave it a gentle pawing, watching it wobble precariously before coming to a stop. Intrigued by this strange, yellow orb, he began to bat it playfully, imagining it was a mouse. Suddenly, the lemon burst open, its tangy scent filling the air, and Whiskers leaped back in surprise, his whiskers twitching. As he cautiously approached the citrus explosion, he realized that some surprises were worth the risk of a little sour—after all, adventure was just a paw’s swipe away.",text_a
208,"Instruction: Write a short story containing an animal and a fruit.

Output: Whiskers, the curious tabby, lounged lazily on the kitchen counter when a bright yellow lemon rolled off the edge and bounced onto the floor. Intrigued, he swatted at it with his paw, sending it skidding across the tiles. As the lemon came to a stop, it emitted a refreshing citrus scent that tickled his nose, prompting a playful pounce. In his excitement, he knocked it against the wall, watching it wobble before settling back down, as if teasing him to play. With a contented chirrup, Whiskers curled up next to his newfound toy, dreaming of sunny orchards and the mysteries of the world beyond the window.","Instruction: Write a short story containing an animal and a fruit.

Output: Benny, a spirited golden retriever, bounded through the garden, his nose twitching at the sweet scent of summer. As he nosed around the raspberry bush, he stumbled upon a plump, red berry, glistening in the sunlight. With a playful wag of his tail, he nudged the berry, sending it rolling across the grass. Benny pounced after it, his heart racing with joy, and in a triumphant leap, he caught it mid-air, his mouth painting a silly grin of juice. Satisfied with his prize, he settled down under a shady tree, savoring the taste of summer with each delicious bite.",text_b
212,"Instruction: Write a short story containing an animal and a fruit.

Output: Baxter, the golden retriever, watched intently as Lucy sliced a bright yellow lemon in the kitchen, the citrus aroma filling the air. Curious, he trotted over, his tail wagging with anticipation, but recoiled as Lucy's laughter echoed through the room at his puzzled expression. With a swift toss, she rolled the lemon across the floor, and Baxter pounced, the tangy scent igniting a playful spark in him. He pushed the lemon with his nose, sending it squeaking across the tiles, before he finally took a brave lick, his face scrunching in surprise at the sour taste. Once he realized it was just a game, he barked joyfully, running in circles around the lemon, proving that even the sourest surprises can lead to the sweetest fun.","Instruction: Write a short story containing an animal and a fruit.

Output: Whiskers, the mischievous tabby cat, spotted a plump raspberry resting on the windowsill, glistening in the afternoon sun. Intrigued, he hopped up and stretched a paw, batting the tiny fruit until it rolled precariously to the edge. Just as it teetered on the brink, he pounced, sending it tumbling to the floor where it burst open with a juicy splat. Startled, Whiskers leaped back, tail fluffed like a feather duster, before tentatively creeping forward to lick the delicious red smudge left behind. With a triumphant flick of his whiskers, he decided that perhaps this peculiar berry wasn’t so scary after all.",text_b
213,"Instruction: Write a short story containing an animal and a fruit.

Output: Baxter, the golden retriever, had always been curious about the fruit tree in the backyard, especially the shiny yellow lemons that hung like little suns. One sunny afternoon, while his owner was distracted, he snatched one from the ground and tossed it in the air, thinking it was the best toy ever. The lemon burst open upon impact, releasing a zesty aroma that made Baxter's nose twitch in confusion. With a puzzled bark, he gave the remnants a cautious lick, only to recoil in surprise at the sour taste. Deciding it wasn’t a plaything after all, he trotted back to his owner, hoping for a treat that was decidedly less tangy.","Instruction: Write a short story containing an animal and a fruit.

Output: Whiskers the cat lounged lazily on the windowsill, eyeing the vibrant lemon resting on the kitchen counter. Intrigued by its bright yellow hue, he leaped down and cautiously approached, his whiskers twitching with curiosity. With a gentle paw, he nudged the lemon, sending it rolling to the floor with a comical thud. In an instant, it split open, releasing a tangy aroma that made Whiskers wrinkle his nose in surprise. As he backed away, he decided that maybe some mysteries were better left unsolved, and he returned to his sunny perch, dreaming of fish instead.",text_a
214,"Instruction: Write a short story containing an animal and a fruit.

Output: Whiskers the cat prowled around the kitchen, her emerald eyes fixated on a bright yellow lemon perched on the countertop. With a swift leap, she knocked it off, watching in delight as it rolled across the floor. Intrigued, she batted it with her paw, only to recoil when the tangy scent filled the air. Deciding it was too sour for her liking, she settled down next to the fruit and let out a contented purr, claiming it as her new toy. From that day on, the lemon became an odd companion, a testament to Whiskers' curiosity and the simple joys of feline life.","Instruction: Write a short story containing an animal and a fruit.

Output: Benny, a spirited golden retriever, bounded through the garden, his nose twitching at the sweet scent of summer. As he nosed around the raspberry bush, he stumbled upon a plump, red berry, glistening in the sunlight. With a playful wag of his tail, he nudged the berry, sending it rolling across the grass. Benny pounced after it, his heart racing with joy, and in a triumphant leap, he caught it mid-air, his mouth painting a silly grin of juice. Satisfied with his prize, he settled down under a shady tree, savoring the taste of summer with each delicious bite.",text_b
215,"Instruction: Write a short story containing an animal and a fruit.

Output: Whiskers, the curious tabby cat, spotted a glistening raspberry sitting atop the kitchen counter, its vibrant red hue calling to her like a forbidden gem. With a nimble leap, she landed beside the fruit, her whiskers twitching in anticipation. Just as she was about to bat it off the edge, her owner walked in, startling her into a playful pounce. The raspberry rolled away, escaping her grasp, and found its way under the table, where it lay in solitude. Whiskers sat, tail flicking, plotting her next move—the hunt was on, and nothing could distract her from her fruity prey.","Instruction: Write a short story containing an animal and a fruit.

Output: Whiskers the cat lounged lazily in the afternoon sun, dreaming of adventures, when a sudden gust of wind sent a bright yellow lemon rolling across the porch. Intrigued, she pounced, batting the citrus fruit with her paw, sending it tumbling into the flower bed. The lemon's zest burst forth, flooding the air with a tangy aroma that made Whiskers pause. With a flick of her tail and a dash of curiosity, she took a tentative lick, her eyes widening at the unexpected burst of flavor. From that day on, the lemon became her favorite toy, a zesty companion in her sun-soaked escapades.",text_a
216,"Instruction: Write a short story containing an animal and a fruit.

Output: In a sunlit kitchen, a curious cat named Whiskers spotted a bright red raspberry sitting atop the countertop. With a swift leap, he knocked it to the floor, where it rolled enticingly, leaving a trail of juice in its wake. Whiskers chased it across the tiles, pouncing and batting at it with gleeful abandon. Just as he was about to take a triumphant bite, his owner walked in, laughter erupting at the sight of the esteemed feline caught in a berry battle. Defeated yet amused, Whiskers settled for a scratch behind the ears, the raspberry forgotten but the joy of the chase lingering in his heart.","Instruction: Write a short story containing an animal and a fruit.

Output: On a bright summer afternoon, a curious golden retriever named Benny sniffed out something unusual in the garden—a ripe raspberry tucked beneath a sprawling bush. With a gentle nudge of his nose, he dislodged the plump fruit, sending it tumbling across the ground. Intrigued, Benny chased it, barking joyfully as it rolled and bounced along the soft grass. When he finally caught up, he gently picked it up, tilting his head in confusion at this unexpected treasure. To his delight, his owner appeared, laughing as she offered Benny a treat, but he proudly sat, presenting the raspberry as if it were the finest prize.",text_a
217,"Instruction: Write a short story containing an animal and a fruit.

Output: In a sunlit garden, a playful golden retriever named Charlie discovered a lone raspberry nestled among the leaves. With a gentle nudge of his nose, the plump berry tumbled to the ground, rolling away as if inviting a chase. Thrilled by the unexpected game, Charlie bounded after it, his tail wagging like a flag of joy. Just as he caught up and scooped it up with his mouth, his owner laughed, recalling how that very raspberry had been her first successful garden planting. With a contented sigh, Charlie plopped down, savoring the sweet morsel while basking in the warmth of love and sunlight.","Instruction: Write a short story containing an animal and a fruit.

Output: Baxter, the golden retriever, watched intently as Lucy sliced a bright yellow lemon in the kitchen, the citrus aroma filling the air. Curious, he trotted over, his tail wagging with anticipation, but recoiled as Lucy's laughter echoed through the room at his puzzled expression. With a swift toss, she rolled the lemon across the floor, and Baxter pounced, the tangy scent igniting a playful spark in him. He pushed the lemon with his nose, sending it squeaking across the tiles, before he finally took a brave lick, his face scrunching in surprise at the sour taste. Once he realized it was just a game, he barked joyfully, running in circles around the lemon, proving that even the sourest surprises can lead to the sweetest fun.",text_b
218,"Instruction: Write a short story containing an animal and a fruit.

Output: On a sunny afternoon, a curious golden retriever named Benny discovered a bright yellow lemon rolling across the yard. With a playful bark, he pounced on it, his tail wagging furiously as he clamped his mouth around the tart fruit. To his surprise, the sour taste made him scrunch up his face, causing his owner, Lily, to burst into laughter. Undeterred, Benny dropped the lemon and nudged it toward her, inviting her to join in his playful game. From that day on, every time Lily brought out the lemon, Benny would wag his tail, ready for a fun chase.","Instruction: Write a short story containing an animal and a fruit.

Output: On a warm afternoon, Luna, a curious gray cat, spotted a plump raspberry nestled among the garden's wildflowers. Intrigued, she approached with her tail high, batting at the shiny red fruit as it rolled slightly across the grass. With a playful pounce, she captured the raspberry between her paws, but just as she went to take a bite, a butterfly flitted by, distracting her completely. The raspberry wobbled free, rolling away, and Luna took off in pursuit of the new, fluttering prize. By the time she returned to the spot, the raspberry was gone, but Luna didn’t mind; the garden was full of new adventures waiting to unfold.",text_b
220,"Instruction: Write a short story containing an animal and a fruit.

Output: Whiskers the cat prowled around the kitchen, her emerald eyes fixated on a bright yellow lemon perched on the countertop. With a swift leap, she knocked it off, watching in delight as it rolled across the floor. Intrigued, she batted it with her paw, only to recoil when the tangy scent filled the air. Deciding it was too sour for her liking, she settled down next to the fruit and let out a contented purr, claiming it as her new toy. From that day on, the lemon became an odd companion, a testament to Whiskers' curiosity and the simple joys of feline life.","Instruction: Write a short story containing an animal and a fruit.

Output: Benny, a curious golden retriever, sniffed the air and trotted towards the berry patch in his backyard. He spotted a plump raspberry glistening under the afternoon sun and, unable to resist, plucked it from its stem with a gentle nip. As he rolled the sweet fruit around in his mouth, an unexpected burst of flavor made him leap with joy. For the rest of the day, Benny flitted between the garden and the kitchen, hoping to find more delicious treasures. Little did he know, his owner had baked a raspberry pie, and Benny’s newfound obsession would lead to a delightful afternoon of shared treats.",text_b
221,"Instruction: Write a short story containing an animal and a fruit.

Output: Whiskers, the mischievous tabby cat, found a bright lemon rolling off the kitchen counter and pounced on it with delight. Intrigued by its smooth, yellow surface, he swatted it across the floor, watching it bounce with every tap. Just as he got ready for one final pounce, the lemon burst open, releasing its tangy scent and startling him into a playful leap. Confused but intrigued, Whiskers began to bat at the pieces, treating them as treasures from a hidden garden. From that day on, the lemon became his favorite companion, a vibrant reminder that adventure could be found in the most unexpected places.","Instruction: Write a short story containing an animal and a fruit.

Output: Whiskers the cat prowled through the garden, his keen eyes catching a glimpse of a shiny red raspberry nestled among the leaves. Intrigued, he pounced, thinking it was a tempting toy. With a gentle nudge, the raspberry rolled away, and Whiskers chased it, his paws tapping softly on the earth. As he finally caught up, he sniffed the sweet fruit and decided it was far too delicious to ignore. With a satisfied flick of his tail, he plopped down to enjoy the unexpected treat, a happy purr rumbling from his chest.",text_b
222,"Instruction: Write a short story containing an animal and a fruit.

Output: Baxter, the cheerful golden retriever, bounded through the garden, his nose twitching with excitement as he caught the tangy scent of ripe lemons. His owner, Claire, had left one on the ground, and with a mischievous glint in his eye, he picked it up and playfully tossed it in the air. The lemon rolled away, and Baxter chased after it, his paws clattering against the cobblestones, only to stop short when he realized it couldn’t fetch back. Curiously, he nudged it with his nose, causing a burst of yellow juice to splatter on his face, much to Claire's amusement. With a happy bark, Baxter decided that he loved lemons, even if they didn't fetch.","Instruction: Write a short story containing an animal and a fruit.

Output: Whiskers, the curious cat, spotted a glistening raspberry nestled among the vibrant green leaves of the garden. Intrigued, she pawed gently at the plump fruit, causing it to roll and bounce playfully across the ground. With a swift leap, she chased it, her tail flicking in delight, until it came to a stop near a sunbeam. As she settled to catch her breath, Whiskers found herself captivated not just by the berry, but by the golden light that danced around her. In that serene moment, she realized that sometimes, the sweetest treasures are found in the simplest of pleasures.",text_b
223,"Instruction: Write a short story containing an animal and a fruit.

Output: Baxter, the scruffy terrier, had never tasted a lemon before. One sunny afternoon, he discovered a half-squished lemon lying on the porch, its citrus scent tantalizing his curious nose. With a playful bound, he pounced on it, rolling it across the floor with his paws, completely unaware of the tangy surprise it held. When he finally took a brave nibble, his face scrunched up in bewilderment, prompting a series of comical barks that echoed through the yard. From that day on, Baxter's adventures included finding more fruits to taste, but nothing could quite compare to that first, zesty encounter with the lemon.","Instruction: Write a short story containing an animal and a fruit.

Output: Sophie the cat lounged lazily in the sun, her emerald eyes half-closed as she watched a ripe lemon roll across the patio. Intrigued by its vibrant yellow hue, she pounced, batting it with her paw until it tumbled off the edge and landed with a soft thud on the grass. As she cautiously approached, the tangy scent wafted up, and she wrinkled her nose in surprise. Determined to conquer this strange intruder, she swatted it again, only to find herself backpedaling as the lemon rolled away. With a disgruntled flick of her tail, Sophie decided that perhaps conquering the wild world wasn't worth the trouble of citrus tang.",text_a
225,"Instruction: Write a short story containing an animal and a fruit.

Output: On a bright summer afternoon, Milo, a curious golden retriever, spotted a bright yellow lemon rolling across the yard. With a playful bark, he chased it, his tail wagging furiously as he caught the tangy treasure between his paws. Intrigued, he tilted his head and gave it a tentative lick, only to recoil at the sour surprise. Undeterred, he nudged it with his nose, sending it tumbling into the garden where it was promptly intercepted by a butterfly. As Milo watched the colorful creature dance around the lemon, he decided that sometimes, the joy of discovery was sweeter than any fruit.","Instruction: Write a short story containing an animal and a fruit.

Output: Benny, a curious golden retriever, sniffed the air and trotted towards the berry patch in his backyard. He spotted a plump raspberry glistening under the afternoon sun and, unable to resist, plucked it from its stem with a gentle nip. As he rolled the sweet fruit around in his mouth, an unexpected burst of flavor made him leap with joy. For the rest of the day, Benny flitted between the garden and the kitchen, hoping to find more delicious treasures. Little did he know, his owner had baked a raspberry pie, and Benny’s newfound obsession would lead to a delightful afternoon of shared treats.",text_a
226,"Instruction: Write a short story containing an animal and a fruit.

Output: Baxter the golden retriever trotted through the sunlit garden, his nose twitching as he caught a whiff of something sweet. His eyes landed on a plump raspberry, glistening with morning dew, nestled among the green leaves. Curious, he nudged it gently with his snout, sending it tumbling across the soil. With a playful bark, he pounced after it, his tail wagging in joy, only to realize he had created a delicious mess. Content, Baxter plopped down in the sunshine, savoring both the taste of the berry juice on his nose and the simple pleasure of a warm summer day.","Instruction: Write a short story containing an animal and a fruit.

Output: Milo, the curious gray cat, darted across the kitchen floor, his eyes fixed on a bright red raspberry that rolled off the counter. With a playful swat, he sent the berry tumbling under the table, where it landed with a soft squish. Intrigued by the scent, he pounced on it, only to discover the sweet juice staining his paws. After a few messy licks, he decided that fruit wasn’t quite as thrilling as chasing shadows. With a bored huff, he curled up on the sunny windowsill, leaving the raspberry to its fate.",text_b
228,"Instruction: Write a short story containing an animal and a fruit.

Output: On a warm afternoon, a curious cat named Whiskers discovered a bright yellow lemon lying in the garden. Intrigued by its color and scent, he batted at it playfully, sending it rolling across the grass. As the lemon came to a stop by the flowerbed, Whiskers pounced, only to be met with a sour surprise that made him recoil in confusion. Shaking his head and licking his paws, he decided that perhaps chasing butterflies was a better way to spend the day. With one last puzzled glance at the lemon, he pranced off, leaving the citrus fruit to sit in the sun.","Instruction: Write a short story containing an animal and a fruit.

Output: Benny, a spirited golden retriever, bounded through the garden, his nose twitching at the sweet scent of summer. As he nosed around the raspberry bush, he stumbled upon a plump, red berry, glistening in the sunlight. With a playful wag of his tail, he nudged the berry, sending it rolling across the grass. Benny pounced after it, his heart racing with joy, and in a triumphant leap, he caught it mid-air, his mouth painting a silly grin of juice. Satisfied with his prize, he settled down under a shady tree, savoring the taste of summer with each delicious bite.",text_b
229,"Instruction: Write a short story containing an animal and a fruit.

Output: Baxter, the golden retriever, had always been curious about the strange yellow fruit that rolled off the kitchen counter. One sunny afternoon, he nudged the lemon with his nose, watching in fascination as it tumbled across the floor. With a playful bark, he pounced, catching it in his mouth, only to be startled by its sharp tang. After a cautious taste, he decided the lemon was not to his liking and dropped it, where it landed near his owner, who laughed and picked it up. From that day on, whenever the scent of citrus filled the air, Baxter would wag his tail in anticipation—not for the fruit, but for the fun that usually followed.","Instruction: Write a short story containing an animal and a fruit.

Output: Whiskers the cat lounged lazily on the windowsill, eyeing the vibrant lemon resting on the kitchen counter. Intrigued by its bright yellow hue, he leaped down and cautiously approached, his whiskers twitching with curiosity. With a gentle paw, he nudged the lemon, sending it rolling to the floor with a comical thud. In an instant, it split open, releasing a tangy aroma that made Whiskers wrinkle his nose in surprise. As he backed away, he decided that maybe some mysteries were better left unsolved, and he returned to his sunny perch, dreaming of fish instead.",text_a
230,"Instruction: Write a short story containing an animal and a fruit.

Output: Baxter the dog sniffed eagerly around the garden, his nose twitching with excitement. Suddenly, he spotted a plump raspberry nestled among the leaves, glistening like a jewel in the sun. With a quick pounce, he snatched it up, the tart juice bursting in his mouth, sending him into a happy spin. His owner laughed, watching as Baxter pranced around, convinced he had just discovered the greatest treasure of all. In that moment, the garden felt like a vast kingdom, and the raspberry, a crown jewel that only a brave dog like Baxter could claim.","Instruction: Write a short story containing an animal and a fruit.

Output: Whiskers, the curious tabby cat, prowled through the garden one sunny afternoon, her eyes gleaming with mischief. Spotting a plump, red raspberry nestled among the leaves, she swatted at it with her paw, sending it tumbling across the ground. Intrigued, she chased after the fruit, her tiny claws digging into the soft earth as she leapt and pounced. Finally, after several playful moments, she caught up to it and gingerly nudged it with her nose, only to watch in wide-eyed wonder as it squished beneath her weight, releasing a sweet and tangy aroma. With a satisfied flick of her tail, Whiskers trotted off, leaving behind a tiny, sticky mess and the promise of more adventures to come.",text_b
231,"Instruction: Write a short story containing an animal and a fruit.

Output: In a sunlit garden, Charlie the golden retriever discovered a plump, ripe raspberry hidden among the leaves. Curiosity stirred, he nudged it with his nose, watching as it rolled free and tumbled across the grass. With a playful bark, he pounced, his paws sending it flying into the air. As it landed with a soft splat, Charlie licked his lips, savoring the sweet burst of flavor. From that day on, every raspberry season brought a new adventure for Charlie, the garden explorer on a fruity quest.","Instruction: Write a short story containing an animal and a fruit.

Output: Baxter, the golden retriever, trotted happily through the sunny park, a bright yellow lemon clutched in his mouth. He had spotted it rolling away from a picnic blanket and thought it must be a new toy. Curious onlookers giggled as he playfully dropped it, only to chase it down again, his tail wagging furiously. With each joyous pounce, the sour scent filled the air, causing his canine friends to sniff with bewilderment. In the end, Baxter decided he'd had enough fun and pranced away, leaving the perplexed lemon behind, as if it were a puzzle only he could understand.",text_b
232,"Instruction: Write a short story containing an animal and a fruit.

Output: Whiskers the cat prowled around the kitchen, her emerald eyes fixated on a bright yellow lemon perched on the countertop. With a swift leap, she knocked it off, watching in delight as it rolled across the floor. Intrigued, she batted it with her paw, only to recoil when the tangy scent filled the air. Deciding it was too sour for her liking, she settled down next to the fruit and let out a contented purr, claiming it as her new toy. From that day on, the lemon became an odd companion, a testament to Whiskers' curiosity and the simple joys of feline life.","Instruction: Write a short story containing an animal and a fruit.

Output: Baxter, the golden retriever, had always been curious about the strange yellow fruit that rolled off the kitchen counter. One sunny afternoon, he nudged the lemon with his nose, watching in fascination as it tumbled across the floor. With a playful bark, he pounced, catching it in his mouth, only to be startled by its sharp tang. After a cautious taste, he decided the lemon was not to his liking and dropped it, where it landed near his owner, who laughed and picked it up. From that day on, whenever the scent of citrus filled the air, Baxter would wag his tail in anticipation—not for the fruit, but for the fun that usually followed.",text_b
233,"Instruction: Write a short story containing an animal and a fruit.

Output: In a sun-drenched garden, a playful golden retriever named Charlie bounded among the bushes, his nose twitching with excitement. Suddenly, he caught scent of something sweet and tart; a plump raspberry dangling from a thorny stem. With a gentle nudge of his snout, he plucked the berry from its perch, vibrant juice staining his furry muzzle. Delighted by his discovery, he trotted back to his owner, presenting the prize as if it were a trophy. They both laughed, sharing a moment of joy, as Charlie happily licked the berry juices from his face, scrambling for more treasures in the garden.","Instruction: Write a short story containing an animal and a fruit.

Output: Baxter, a scruffy terrier with a nose for mischief, discovered a bright yellow lemon rolling across the sunlit backyard. Curiosity piqued, he pounced on it, sending it skittering under the garden bench. With a determined bark, he dug it out, only to find his owner laughing as he proudly presented his unconventional treasure. The sun glinted off the lemon, and Baxter wagged his tail, convinced he had just found the world's best toy. From that day on, the lemon became their favorite plaything, bringing endless joy and laughter to their days together.",text_b
234,"Instruction: Write a short story containing an animal and a fruit.

Output: In a quiet corner of the sun-drenched kitchen, Whiskers the cat sat perched on the windowsill, watching with keen eyes as a plump raspberry rolled off the counter. It wobbled and tumbled, coming to rest just in front of him, its crimson hue gleaming like a jewel. Curiosity piqued, Whiskers pawed at the berry, sending it skittering across the floor, where it left a tiny trail of juice. Delighted, he chased the sweet treat, oblivious to the kitchen’s chaos, until he finally caught it between his paws. With a playful nibble, he realized that sometimes, the simplest things—like a raspberry—could turn an ordinary afternoon into a grand adventure.","Instruction: Write a short story containing an animal and a fruit.

Output: Whiskers the cat was lounging in a sunbeam when a bright, plump lemon rolled off the kitchen counter and landed right beside him. Curious, he gave it a gentle pawing, watching it wobble precariously before coming to a stop. Intrigued by this strange, yellow orb, he began to bat it playfully, imagining it was a mouse. Suddenly, the lemon burst open, its tangy scent filling the air, and Whiskers leaped back in surprise, his whiskers twitching. As he cautiously approached the citrus explosion, he realized that some surprises were worth the risk of a little sour—after all, adventure was just a paw’s swipe away.",text_a
235,"Instruction: Write a short story containing an animal and a fruit.

Output: In a sunny garden, Bella the golden retriever discovered a bright yellow lemon rolling across the grass. Curious, she nudged it with her nose, sending it into a wild spin that made her bark in delight. As she chased the zesty fruit, it slipped into a patch of clovers, and Bella dug her paws into the soft earth, unearthing a hidden treasure of playful butterflies instead. Captivated, she forgot about the lemon, happily bounding after her new fluttery friends. Sometimes, the sweetest adventures are found where you least expect them.","Instruction: Write a short story containing an animal and a fruit.

Output: On a warm afternoon, Luna, a curious gray cat, spotted a plump raspberry nestled among the garden's wildflowers. Intrigued, she approached with her tail high, batting at the shiny red fruit as it rolled slightly across the grass. With a playful pounce, she captured the raspberry between her paws, but just as she went to take a bite, a butterfly flitted by, distracting her completely. The raspberry wobbled free, rolling away, and Luna took off in pursuit of the new, fluttering prize. By the time she returned to the spot, the raspberry was gone, but Luna didn’t mind; the garden was full of new adventures waiting to unfold.",text_b
236,"Instruction: Write a short story containing an animal and a fruit.

Output: On a sunny afternoon, a curious golden retriever named Benny discovered a bright yellow lemon rolling across the yard. With a playful bark, he pounced on it, his tail wagging furiously as he clamped his mouth around the tart fruit. To his surprise, the sour taste made him scrunch up his face, causing his owner, Lily, to burst into laughter. Undeterred, Benny dropped the lemon and nudged it toward her, inviting her to join in his playful game. From that day on, every time Lily brought out the lemon, Benny would wag his tail, ready for a fun chase.","Instruction: Write a short story containing an animal and a fruit.

Output: In the sun-drenched garden, a mischievous golden retriever named Benny stumbled upon a plump, ripe raspberry nestled among the thorny bushes. Curiosity piqued, he sniffed the bright red fruit and, seeing no one around, gently picked it up with his mouth. With a playful wag of his tail, he bounded back to his owner, who was sipping lemonade on the porch. Just as he dropped the berry at her feet, a startled squirrel darted by, causing Benny to leap in surprise, sending the raspberry tumbling into the air. As they both watched it fall, the sweet treat landed perfectly on Benny's nose, and in that moment, they both burst into laughter—owners and pets alike finding joy in a simple day.",text_a
238,"Instruction: Write a short story containing an animal and a fruit.

Output: Whiskers, the curious orange tabby, prowled through the garden, his nose twitching at the sweet scent of ripe raspberries. Spotting a plump berry nestled among the thorny branches, he pounced, only to tumble head over paws into a patch of soft grass. Dazed but undeterred, he batted the berry with his paw, sending it rolling across the ground. Captivated, he chased after it, delighted as it made a mess of his whiskers and a bright red stain on his fur. As the sun set, Whiskers lay sprawled in the grass, satisfied, with his newfound treasure resting beside him like a trophy of his playful adventure.","Instruction: Write a short story containing an animal and a fruit.

Output: Buddy, the golden retriever, bounded through the garden, his nose twitching with excitement. Just as he stopped to sniff a patch of vibrant flowers, a plump, red raspberry rolled past his paw, glistening in the sunlight. With a swift flick of his tongue, he snatched it up, savoring the sweet burst of flavor. The garden seemed to come alive as he pranced around, raspberry juice dripping from his chin, a proud look in his eyes. In that moment, Buddy wasn’t just a dog; he was the king of the garden, ruling over his realm with a fruity crown.",text_a
239,"Instruction: Write a short story containing an animal and a fruit.

Output: In the midst of summer, a furry tabby named Whiskers lounged on the windowsill, basking in the sun's warm glow. One day, a plump raspberry rolled off the kitchen counter, escaping the baker's careless grip as she measured out her ingredients. Intrigued by the vibrant red fruit, Whiskers leaped down and batted it playfully across the floor, its juicy sweetness leaving a trail of crimson on his paws. Suddenly, he found himself licking the residue, his taste buds awakening in delight. From that day on, every time the baker made her famous tarts, Whiskers patiently waited by the counter, dreaming of more raspberry adventures.","Instruction: Write a short story containing an animal and a fruit.

Output: Milo, the golden retriever, trotted happily around the garden, his nose twitching at the scent of fresh berries. His eyes brightened when he spotted a plump raspberry dangling from a low-hanging branch, shimmering like a jewel in the sunlight. With a playful leap, he snatched it up, but the sweet burst of flavor surprised him; he had never tasted anything quite like it before. Rushing back to his owner, he dropped the raspberry at her feet, looking up with eager eyes, as if to say, ""Can we have more of these?"" The two soon settled down on the porch, enjoying their sunny afternoon—she with a bowl of raspberries and he, content just to be by her side.",text_a
240,"Instruction: Write a short story containing an animal and a fruit.

Output: Baxter, the cheerful golden retriever, bounded through the garden, his nose twitching with excitement as he caught the tangy scent of ripe lemons. His owner, Claire, had left one on the ground, and with a mischievous glint in his eye, he picked it up and playfully tossed it in the air. The lemon rolled away, and Baxter chased after it, his paws clattering against the cobblestones, only to stop short when he realized it couldn’t fetch back. Curiously, he nudged it with his nose, causing a burst of yellow juice to splatter on his face, much to Claire's amusement. With a happy bark, Baxter decided that he loved lemons, even if they didn't fetch.","Instruction: Write a short story containing an animal and a fruit.

Output: Luna the cat prowled through the garden, her emerald eyes sparkling with mischief. Spotting a ripe raspberry glistening in the sunlight, she pounced, batting it playfully with her paw. The tiny fruit rolled away, teasing her to chase it across the soft grass. After a few swift leaps, she finally caught it between her paws but froze, realizing that perhaps chasing was more fun than eating. With a satisfied flick of her tail, she let the raspberry roll away again, ready for another round of playful pursuit.",text_b
241,"Instruction: Write a short story containing an animal and a fruit.

Output: On a warm afternoon, a curious cat named Whiskers discovered a bright yellow lemon lying in the garden. Intrigued by its color and scent, he batted at it playfully, sending it rolling across the grass. As the lemon came to a stop by the flowerbed, Whiskers pounced, only to be met with a sour surprise that made him recoil in confusion. Shaking his head and licking his paws, he decided that perhaps chasing butterflies was a better way to spend the day. With one last puzzled glance at the lemon, he pranced off, leaving the citrus fruit to sit in the sun.","Instruction: Write a short story containing an animal and a fruit.

Output: Whiskers the cat prowled through the garden, his keen eyes catching a glimpse of a shiny red raspberry nestled among the leaves. Intrigued, he pounced, thinking it was a tempting toy. With a gentle nudge, the raspberry rolled away, and Whiskers chased it, his paws tapping softly on the earth. As he finally caught up, he sniffed the sweet fruit and decided it was far too delicious to ignore. With a satisfied flick of his tail, he plopped down to enjoy the unexpected treat, a happy purr rumbling from his chest.",text_b
242,"Instruction: Write a short story containing an animal and a fruit.

Output: Baxter the dog sniffed eagerly around the garden, his nose twitching with excitement. Suddenly, he spotted a plump raspberry nestled among the leaves, glistening like a jewel in the sun. With a quick pounce, he snatched it up, the tart juice bursting in his mouth, sending him into a happy spin. His owner laughed, watching as Baxter pranced around, convinced he had just discovered the greatest treasure of all. In that moment, the garden felt like a vast kingdom, and the raspberry, a crown jewel that only a brave dog like Baxter could claim.","Instruction: Write a short story containing an animal and a fruit.

Output: On a sunny afternoon, a curious cat named Whiskers discovered a plump lemon rolling lazily across the garden. Captivated by its bright yellow hue, he pounced, sending the fruit skittering into a patch of daisies. With each swat, the citrus released a tangy aroma that filled the air, delighting both Whiskers and the nearby bumblebees. Suddenly, an adventurous bee buzzed too close, startling Whiskers and causing him to leap back with a surprised yowl. As the lemon came to rest at his paws, he plopped down, deciding it was the most intriguing toy he'd ever found.",text_a
244,"Instruction: Write a short story containing an animal and a fruit.

Output: Luna, the curious cat, sat perched on the sunny windowsill, her emerald eyes fixated on a bright yellow lemon rolling across the kitchen counter. With a swift paw swipe, she sent the lemon tumbling to the floor, where it landed with a soft thud. Intrigued by its zesty scent, Luna cautiously approached, giving it a tentative nuzzle. Just then, her owner entered and, chuckling at the sight, picked up the lemon, offering it to Luna like a rare treasure. Undeterred, Luna flicked her tail and turned to chase a sunbeam instead, leaving the lemon to rest in its citrusy solitude.","Instruction: Write a short story containing an animal and a fruit.

Output: Benny, a curious golden retriever, sniffed the air and trotted towards the berry patch in his backyard. He spotted a plump raspberry glistening under the afternoon sun and, unable to resist, plucked it from its stem with a gentle nip. As he rolled the sweet fruit around in his mouth, an unexpected burst of flavor made him leap with joy. For the rest of the day, Benny flitted between the garden and the kitchen, hoping to find more delicious treasures. Little did he know, his owner had baked a raspberry pie, and Benny’s newfound obsession would lead to a delightful afternoon of shared treats.",text_b
246,"Instruction: Write a short story containing an animal and a fruit.

Output: On a sunny afternoon, a curious golden retriever named Buddy wandered into the garden, his nose twitching with excitement. There, nestled among the leaves, he found a plump, red raspberry glistening in the sunlight. With a gentle nudge, he knocked it loose, watching it roll across the ground with wide eyes. As he pounced after it, the raspberry squished between his paws, sending a burst of sweet juice into the air. Happy with his find, Buddy trotted back to his owner, leaving a trail of red paw prints behind him.","Instruction: Write a short story containing an animal and a fruit.

Output: On a warm afternoon, Luna, a curious gray cat, spotted a plump raspberry nestled among the garden's wildflowers. Intrigued, she approached with her tail high, batting at the shiny red fruit as it rolled slightly across the grass. With a playful pounce, she captured the raspberry between her paws, but just as she went to take a bite, a butterfly flitted by, distracting her completely. The raspberry wobbled free, rolling away, and Luna took off in pursuit of the new, fluttering prize. By the time she returned to the spot, the raspberry was gone, but Luna didn’t mind; the garden was full of new adventures waiting to unfold.",text_b
247,"Instruction: Write a short story containing an animal and a fruit.

Output: Baxter the golden retriever sniffed curiously at the bright yellow lemon that had rolled off the kitchen counter and onto the floor. With a playful bounce, he nudged it with his nose, watching it tumble across the tile. Intrigued, he grabbed it with his mouth, only to recoil at the sour burst of flavor that spread across his tongue. Shaking his head, he dropped the lemon and trotted away, leaving it to roll to a stop beneath the table. Moments later, he returned with his favorite ball, ready for a game that didn’t involve sour surprises.","Instruction: Write a short story containing an animal and a fruit.

Output: Whiskers, the mischievous tabby, perched on the kitchen counter, his amber eyes wide with curiosity. Beneath his paw lay a bright yellow lemon, gleaming like a tiny sun. With a swift swipe, he sent it rolling across the floor, the citrus fruit bouncing in unpredictable directions. Intrigued by the chase, Whiskers pounced and skidded to a halt, surprised as the lemon squished under his weight. The zesty aroma filled the air, and as he stepped back, a newfound respect for the quirky fruit blossomed in his feline heart.",text_a
248,"Instruction: Write a short story containing an animal and a fruit.

Output: On a sunny afternoon, a curious cat named Whiskers discovered a plump lemon rolling lazily across the garden. Captivated by its bright yellow hue, he pounced, sending the fruit skittering into a patch of daisies. With each swat, the citrus released a tangy aroma that filled the air, delighting both Whiskers and the nearby bumblebees. Suddenly, an adventurous bee buzzed too close, startling Whiskers and causing him to leap back with a surprised yowl. As the lemon came to rest at his paws, he plopped down, deciding it was the most intriguing toy he'd ever found.","Instruction: Write a short story containing an animal and a fruit.

Output: Luna the cat prowled through the garden, her emerald eyes sparkling with mischief. Spotting a ripe raspberry glistening in the sunlight, she pounced, batting it playfully with her paw. The tiny fruit rolled away, teasing her to chase it across the soft grass. After a few swift leaps, she finally caught it between her paws but froze, realizing that perhaps chasing was more fun than eating. With a satisfied flick of her tail, she let the raspberry roll away again, ready for another round of playful pursuit.",text_b
252,"Instruction: Write a short story containing an animal and a fruit.

Output: Baxter, the cheerful golden retriever, bounded through the garden, his nose twitching with excitement as he caught the tangy scent of ripe lemons. His owner, Claire, had left one on the ground, and with a mischievous glint in his eye, he picked it up and playfully tossed it in the air. The lemon rolled away, and Baxter chased after it, his paws clattering against the cobblestones, only to stop short when he realized it couldn’t fetch back. Curiously, he nudged it with his nose, causing a burst of yellow juice to splatter on his face, much to Claire's amusement. With a happy bark, Baxter decided that he loved lemons, even if they didn't fetch.","Instruction: Write a short story containing an animal and a fruit.

Output: Whiskers, the curious tabby cat, prowled through the garden one sunny afternoon, her eyes gleaming with mischief. Spotting a plump, red raspberry nestled among the leaves, she swatted at it with her paw, sending it tumbling across the ground. Intrigued, she chased after the fruit, her tiny claws digging into the soft earth as she leapt and pounced. Finally, after several playful moments, she caught up to it and gingerly nudged it with her nose, only to watch in wide-eyed wonder as it squished beneath her weight, releasing a sweet and tangy aroma. With a satisfied flick of her tail, Whiskers trotted off, leaving behind a tiny, sticky mess and the promise of more adventures to come.",text_b
253,"Instruction: Write a short story containing an animal and a fruit.

Output: Whiskers, the curious tabby, lounged lazily on the kitchen counter when a bright yellow lemon rolled off the edge and bounced onto the floor. Intrigued, he swatted at it with his paw, sending it skidding across the tiles. As the lemon came to a stop, it emitted a refreshing citrus scent that tickled his nose, prompting a playful pounce. In his excitement, he knocked it against the wall, watching it wobble before settling back down, as if teasing him to play. With a contented chirrup, Whiskers curled up next to his newfound toy, dreaming of sunny orchards and the mysteries of the world beyond the window.","Instruction: Write a short story containing an animal and a fruit.

Output: In a sunlit garden, Charlie the golden retriever discovered a plump, ripe raspberry hidden among the leaves. Curiosity stirred, he nudged it with his nose, watching as it rolled free and tumbled across the grass. With a playful bark, he pounced, his paws sending it flying into the air. As it landed with a soft splat, Charlie licked his lips, savoring the sweet burst of flavor. From that day on, every raspberry season brought a new adventure for Charlie, the garden explorer on a fruity quest.",text_b
255,"Instruction: Write a short story containing an animal and a fruit.

Output: Luna, the curious cat, sat perched on the sunny windowsill, her emerald eyes fixated on a bright yellow lemon rolling across the kitchen counter. With a swift paw swipe, she sent the lemon tumbling to the floor, where it landed with a soft thud. Intrigued by its zesty scent, Luna cautiously approached, giving it a tentative nuzzle. Just then, her owner entered and, chuckling at the sight, picked up the lemon, offering it to Luna like a rare treasure. Undeterred, Luna flicked her tail and turned to chase a sunbeam instead, leaving the lemon to rest in its citrusy solitude.","Instruction: Write a short story containing an animal and a fruit.

Output: On a bright summer afternoon, a curious golden retriever named Benny sniffed out something unusual in the garden—a ripe raspberry tucked beneath a sprawling bush. With a gentle nudge of his nose, he dislodged the plump fruit, sending it tumbling across the ground. Intrigued, Benny chased it, barking joyfully as it rolled and bounced along the soft grass. When he finally caught up, he gently picked it up, tilting his head in confusion at this unexpected treasure. To his delight, his owner appeared, laughing as she offered Benny a treat, but he proudly sat, presenting the raspberry as if it were the finest prize.",text_b
257,"Instruction: Write a short story containing an animal and a fruit.

Output: On a sunny afternoon, a curious cat named Whiskers discovered a plump lemon rolling lazily across the garden. Captivated by its bright yellow hue, he pounced, sending the fruit skittering into a patch of daisies. With each swat, the citrus released a tangy aroma that filled the air, delighting both Whiskers and the nearby bumblebees. Suddenly, an adventurous bee buzzed too close, startling Whiskers and causing him to leap back with a surprised yowl. As the lemon came to rest at his paws, he plopped down, deciding it was the most intriguing toy he'd ever found.","Instruction: Write a short story containing an animal and a fruit.

Output: Whiskers, the curious cat, spotted a glistening raspberry nestled among the vibrant green leaves of the garden. Intrigued, she pawed gently at the plump fruit, causing it to roll and bounce playfully across the ground. With a swift leap, she chased it, her tail flicking in delight, until it came to a stop near a sunbeam. As she settled to catch her breath, Whiskers found herself captivated not just by the berry, but by the golden light that danced around her. In that serene moment, she realized that sometimes, the sweetest treasures are found in the simplest of pleasures.",text_b
258,"Instruction: Write a short story containing an animal and a fruit.

Output: Whiskers, the curious tabby cat, prowled through the garden one sunny afternoon, her eyes gleaming with mischief. Spotting a plump, red raspberry nestled among the leaves, she swatted at it with her paw, sending it tumbling across the ground. Intrigued, she chased after the fruit, her tiny claws digging into the soft earth as she leapt and pounced. Finally, after several playful moments, she caught up to it and gingerly nudged it with her nose, only to watch in wide-eyed wonder as it squished beneath her weight, releasing a sweet and tangy aroma. With a satisfied flick of her tail, Whiskers trotted off, leaving behind a tiny, sticky mess and the promise of more adventures to come.","Instruction: Write a short story containing an animal and a fruit.

Output: In a sunlit backyard, Charlie the dog frolicked among the daisies, his tail wagging like a little flag. Suddenly, he spotted a bright yellow object rolling across the grass—an abandoned lemon from the picnic table. Intrigued, Charlie pounced on it, his nose crinkling at the sour scent, but he couldn't resist the playful chase it inspired. With a joyful bark, he began to toss the lemon in the air, its zesty aroma filling the air as he spun in circles. As the sun dipped below the horizon, Charlie lay contentedly among the daisies, the lemon forgotten but the joy of play forever etched in his heart.",text_a
260,"Instruction: Write a short story containing an animal and a fruit.

Output: On a sunny afternoon, a curious cat named Whiskers discovered a plump lemon rolling lazily across the garden. Captivated by its bright yellow hue, he pounced, sending the fruit skittering into a patch of daisies. With each swat, the citrus released a tangy aroma that filled the air, delighting both Whiskers and the nearby bumblebees. Suddenly, an adventurous bee buzzed too close, startling Whiskers and causing him to leap back with a surprised yowl. As the lemon came to rest at his paws, he plopped down, deciding it was the most intriguing toy he'd ever found.","Instruction: Write a short story containing an animal and a fruit.

Output: Whiskers, the mischievous tabby cat, spotted a plump raspberry resting on the windowsill, glistening in the afternoon sun. Intrigued, he hopped up and stretched a paw, batting the tiny fruit until it rolled precariously to the edge. Just as it teetered on the brink, he pounced, sending it tumbling to the floor where it burst open with a juicy splat. Startled, Whiskers leaped back, tail fluffed like a feather duster, before tentatively creeping forward to lick the delicious red smudge left behind. With a triumphant flick of his whiskers, he decided that perhaps this peculiar berry wasn’t so scary after all.",text_b
261,"Instruction: Write a short story containing an animal and a fruit.

Output: On a sun-drenched afternoon, a curious tabby named Whiskers discovered a plump lemon rolling across the garden path. Intrigued by its bright color and zesty aroma, she pounced on it, sending it skittering down the way. As it came to a stop, she batted it again, only to be surprised by a burst of tart scent that tickled her nose. Repulsed yet fascinated, Whiskers stared at the lemon as if it had just proposed a duel. In her mind, it was a worthy opponent, and though she hesitated, she knew the battle for her garden wouldn’t end until the lemon was conquered.","Instruction: Write a short story containing an animal and a fruit.

Output: In a sunlit garden, Charlie the golden retriever discovered a plump, ripe raspberry hidden among the leaves. Curiosity stirred, he nudged it with his nose, watching as it rolled free and tumbled across the grass. With a playful bark, he pounced, his paws sending it flying into the air. As it landed with a soft splat, Charlie licked his lips, savoring the sweet burst of flavor. From that day on, every raspberry season brought a new adventure for Charlie, the garden explorer on a fruity quest.",text_b
262,"Instruction: Write a short story containing an animal and a fruit.

Output: In a sunny backyard, a curious golden retriever named Charlie discovered a bright yellow lemon that had rolled from the picnic table. Intrigued, he nudged it with his nose, only to watch it bounce away like a playful ball. As he chased it across the grass, Charlie couldn't help but bark excitedly, while the lemon rolled into a patch of daisies. When he finally caught up, he proudly picked it up, only to be met with a bewildered look from his owner, who laughed at the sight. From that day on, Charlie and his new citrus friend became inseparable, bringing joyful chaos to every sunny afternoon.","Instruction: Write a short story containing an animal and a fruit.

Output: Luna the cat prowled through the garden, her emerald eyes sparkling with mischief. Spotting a ripe raspberry glistening in the sunlight, she pounced, batting it playfully with her paw. The tiny fruit rolled away, teasing her to chase it across the soft grass. After a few swift leaps, she finally caught it between her paws but froze, realizing that perhaps chasing was more fun than eating. With a satisfied flick of her tail, she let the raspberry roll away again, ready for another round of playful pursuit.",text_b
263,"Instruction: Write a short story containing an animal and a fruit.

Output: On a sunny afternoon, a curious golden retriever named Benny discovered a bright yellow lemon rolling across the yard. With a playful bark, he pounced on it, his tail wagging furiously as he clamped his mouth around the tart fruit. To his surprise, the sour taste made him scrunch up his face, causing his owner, Lily, to burst into laughter. Undeterred, Benny dropped the lemon and nudged it toward her, inviting her to join in his playful game. From that day on, every time Lily brought out the lemon, Benny would wag his tail, ready for a fun chase.","Instruction: Write a short story containing an animal and a fruit.

Output: Luna the cat prowled through the garden, her emerald eyes sparkling with mischief. Spotting a ripe raspberry glistening in the sunlight, she pounced, batting it playfully with her paw. The tiny fruit rolled away, teasing her to chase it across the soft grass. After a few swift leaps, she finally caught it between her paws but froze, realizing that perhaps chasing was more fun than eating. With a satisfied flick of her tail, she let the raspberry roll away again, ready for another round of playful pursuit.",text_b
264,"Instruction: Write a short story containing an animal and a fruit.

Output: Milo, the curious gray cat, darted across the kitchen floor, his eyes fixed on a bright red raspberry that rolled off the counter. With a playful swat, he sent the berry tumbling under the table, where it landed with a soft squish. Intrigued by the scent, he pounced on it, only to discover the sweet juice staining his paws. After a few messy licks, he decided that fruit wasn’t quite as thrilling as chasing shadows. With a bored huff, he curled up on the sunny windowsill, leaving the raspberry to its fate.","Instruction: Write a short story containing an animal and a fruit.

Output: Baxter, the golden retriever, had always been curious about the fruit tree in the backyard, especially the shiny yellow lemons that hung like little suns. One sunny afternoon, while his owner was distracted, he snatched one from the ground and tossed it in the air, thinking it was the best toy ever. The lemon burst open upon impact, releasing a zesty aroma that made Baxter's nose twitch in confusion. With a puzzled bark, he gave the remnants a cautious lick, only to recoil in surprise at the sour taste. Deciding it wasn’t a plaything after all, he trotted back to his owner, hoping for a treat that was decidedly less tangy.",text_a
267,"Instruction: Write a short story containing an animal and a fruit.

Output: Baxter, the scruffy terrier, had never tasted a lemon before. One sunny afternoon, he discovered a half-squished lemon lying on the porch, its citrus scent tantalizing his curious nose. With a playful bound, he pounced on it, rolling it across the floor with his paws, completely unaware of the tangy surprise it held. When he finally took a brave nibble, his face scrunched up in bewilderment, prompting a series of comical barks that echoed through the yard. From that day on, Baxter's adventures included finding more fruits to taste, but nothing could quite compare to that first, zesty encounter with the lemon.","Instruction: Write a short story containing an animal and a fruit.

Output: Whiskers, the fluffy orange cat, lounged in the sunbeam streaming through the kitchen window, his gaze fixed on a bright lemon rolling across the counter. With a swift leap, he pounced, sending the lemon tumbling to the floor, where it rolled like a small, yellow bouncy ball. Intrigued, he chased it around the kitchen, his paws slapping against the tile like a playful drumbeat. Suddenly, he halted and sniffed the lemon, his whiskers twitching at the unfamiliar citrus scent. In a moment of feline finesse, he turned away, deciding that some treasures were better left untouched.",text_a
268,"Instruction: Write a short story containing an animal and a fruit.

Output: In a sunlit backyard, Charlie the dog frolicked among the daisies, his tail wagging like a little flag. Suddenly, he spotted a bright yellow object rolling across the grass—an abandoned lemon from the picnic table. Intrigued, Charlie pounced on it, his nose crinkling at the sour scent, but he couldn't resist the playful chase it inspired. With a joyful bark, he began to toss the lemon in the air, its zesty aroma filling the air as he spun in circles. As the sun dipped below the horizon, Charlie lay contentedly among the daisies, the lemon forgotten but the joy of play forever etched in his heart.","Instruction: Write a short story containing an animal and a fruit.

Output: In a sun-drenched garden, a curious dog named Finn stumbled upon a plump, ripe raspberry hanging from a low bush. Intrigued by its vibrant color, he sniffed it and wagged his tail, convinced it was a new kind of toy. With a quick swipe of his paw, he sent the berry flying, watching it bounce and roll across the grass. Just as he pounced to catch it, his playful leap sent him tumbling into a patch of daisies, a comical explosion of petals surrounding him. Finn emerged, joyful and slightly dazed, with a raspberry squished beneath his paw, reminding him that sometimes life's simplest pleasures come with a little mess.",text_a
270,"Instruction: Write a short story containing an animal and a fruit.

Output: Whiskers, the curious tabby cat, spotted a glistening raspberry sitting atop the kitchen counter, its vibrant red hue calling to her like a forbidden gem. With a nimble leap, she landed beside the fruit, her whiskers twitching in anticipation. Just as she was about to bat it off the edge, her owner walked in, startling her into a playful pounce. The raspberry rolled away, escaping her grasp, and found its way under the table, where it lay in solitude. Whiskers sat, tail flicking, plotting her next move—the hunt was on, and nothing could distract her from her fruity prey.","Instruction: Write a short story containing an animal and a fruit.

Output: Baxter, the golden retriever, trotted happily through the sunny park, a bright yellow lemon clutched in his mouth. He had spotted it rolling away from a picnic blanket and thought it must be a new toy. Curious onlookers giggled as he playfully dropped it, only to chase it down again, his tail wagging furiously. With each joyous pounce, the sour scent filled the air, causing his canine friends to sniff with bewilderment. In the end, Baxter decided he'd had enough fun and pranced away, leaving the perplexed lemon behind, as if it were a puzzle only he could understand.",text_a
271,"Instruction: Write a short story containing an animal and a fruit.

Output: Whiskers, the curious tabby, lounged lazily on the kitchen counter when a bright yellow lemon rolled off the edge and bounced onto the floor. Intrigued, he swatted at it with his paw, sending it skidding across the tiles. As the lemon came to a stop, it emitted a refreshing citrus scent that tickled his nose, prompting a playful pounce. In his excitement, he knocked it against the wall, watching it wobble before settling back down, as if teasing him to play. With a contented chirrup, Whiskers curled up next to his newfound toy, dreaming of sunny orchards and the mysteries of the world beyond the window.","Instruction: Write a short story containing an animal and a fruit.

Output: Whiskers, the mischievous tabby cat, spotted a plump raspberry resting on the windowsill, glistening in the afternoon sun. Intrigued, he hopped up and stretched a paw, batting the tiny fruit until it rolled precariously to the edge. Just as it teetered on the brink, he pounced, sending it tumbling to the floor where it burst open with a juicy splat. Startled, Whiskers leaped back, tail fluffed like a feather duster, before tentatively creeping forward to lick the delicious red smudge left behind. With a triumphant flick of his whiskers, he decided that perhaps this peculiar berry wasn’t so scary after all.",text_b
272,"Instruction: Write a short story containing an animal and a fruit.

Output: Whiskers, the curious tabby cat, spotted a glistening raspberry sitting atop the kitchen counter, its vibrant red hue calling to her like a forbidden gem. With a nimble leap, she landed beside the fruit, her whiskers twitching in anticipation. Just as she was about to bat it off the edge, her owner walked in, startling her into a playful pounce. The raspberry rolled away, escaping her grasp, and found its way under the table, where it lay in solitude. Whiskers sat, tail flicking, plotting her next move—the hunt was on, and nothing could distract her from her fruity prey.","Instruction: Write a short story containing an animal and a fruit.

Output: Whiskers the cat lounged lazily on the windowsill, eyeing the vibrant lemon resting on the kitchen counter. Intrigued by its bright yellow hue, he leaped down and cautiously approached, his whiskers twitching with curiosity. With a gentle paw, he nudged the lemon, sending it rolling to the floor with a comical thud. In an instant, it split open, releasing a tangy aroma that made Whiskers wrinkle his nose in surprise. As he backed away, he decided that maybe some mysteries were better left unsolved, and he returned to his sunny perch, dreaming of fish instead.",text_a
273,"Instruction: Write a short story containing an animal and a fruit.

Output: Baxter, the curious golden retriever, discovered a vibrant raspberry hidden among the bramble in the garden. With a playful wag of his tail, he nudged the berry with his nose, sending it tumbling down the slope. Intrigued, he trotted after it, snapping it up just as it rolled to a stop. To his surprise, the burst of sweet-tart flavor exploded in his mouth, making him wag his tail even harder. From that day forward, Baxter made it his mission to find and savor every raspberry in the garden, one delightful nibble at a time.","Instruction: Write a short story containing an animal and a fruit.

Output: Whiskers, the mischievous tabby cat, spotted a plump raspberry resting on the windowsill, glistening in the afternoon sun. Intrigued, he hopped up and stretched a paw, batting the tiny fruit until it rolled precariously to the edge. Just as it teetered on the brink, he pounced, sending it tumbling to the floor where it burst open with a juicy splat. Startled, Whiskers leaped back, tail fluffed like a feather duster, before tentatively creeping forward to lick the delicious red smudge left behind. With a triumphant flick of his whiskers, he decided that perhaps this peculiar berry wasn’t so scary after all.",text_b
274,"Instruction: Write a short story containing an animal and a fruit.

Output: Baxter, the scruffy terrier, had never tasted a lemon before. One sunny afternoon, he discovered a half-squished lemon lying on the porch, its citrus scent tantalizing his curious nose. With a playful bound, he pounced on it, rolling it across the floor with his paws, completely unaware of the tangy surprise it held. When he finally took a brave nibble, his face scrunched up in bewilderment, prompting a series of comical barks that echoed through the yard. From that day on, Baxter's adventures included finding more fruits to taste, but nothing could quite compare to that first, zesty encounter with the lemon.","Instruction: Write a short story containing an animal and a fruit.

Output: Whiskers the cat prowled through the garden, her emerald eyes glinting with curiosity. Spotting a vibrant raspberry nestled among the leaves, she snatched it up, intrigued by its plumpness and hue. With a playful flick of her paw, she rolled it across the grass, chasing it like a tiny, fragrant prey. As the berry squished under her weight, its sweet scent filled the air, drawing a puzzled glance from her human, who watched from the patio. In that moment, Whiskers decided that the raspberry was no ordinary fruit; it was her prized trophy, and she would defend it against all odds.",text_b
276,"Instruction: Write a short story containing an animal and a fruit.

Output: Whiskers the cat lounged lazily in the afternoon sun, dreaming of adventures, when a sudden gust of wind sent a bright yellow lemon rolling across the porch. Intrigued, she pounced, batting the citrus fruit with her paw, sending it tumbling into the flower bed. The lemon's zest burst forth, flooding the air with a tangy aroma that made Whiskers pause. With a flick of her tail and a dash of curiosity, she took a tentative lick, her eyes widening at the unexpected burst of flavor. From that day on, the lemon became her favorite toy, a zesty companion in her sun-soaked escapades.","Instruction: Write a short story containing an animal and a fruit.

Output: Whiskers, the curious orange tabby, prowled through the garden, his nose twitching at the sweet scent of ripe raspberries. Spotting a plump berry nestled among the thorny branches, he pounced, only to tumble head over paws into a patch of soft grass. Dazed but undeterred, he batted the berry with his paw, sending it rolling across the ground. Captivated, he chased after it, delighted as it made a mess of his whiskers and a bright red stain on his fur. As the sun set, Whiskers lay sprawled in the grass, satisfied, with his newfound treasure resting beside him like a trophy of his playful adventure.",text_b
277,"Instruction: Write a short story containing an animal and a fruit.

Output: Whiskers the cat prowled around the kitchen, her emerald eyes fixated on a bright yellow lemon perched on the countertop. With a swift leap, she knocked it off, watching in delight as it rolled across the floor. Intrigued, she batted it with her paw, only to recoil when the tangy scent filled the air. Deciding it was too sour for her liking, she settled down next to the fruit and let out a contented purr, claiming it as her new toy. From that day on, the lemon became an odd companion, a testament to Whiskers' curiosity and the simple joys of feline life.","Instruction: Write a short story containing an animal and a fruit.

Output: Baxter, the scruffy terrier, pranced through the garden, his nose twitching at the sweet scent of ripe fruit. Spotting a plump raspberry nestled among the leaves, he snatched it up with a playful determination, believing it to be the treasure of the day. As he joyfully bounced back to his owner, the juicy fruit slipped from his mouth, landing on the ground with a splat. Instead of sulking, Baxter dove after it, delighted by the new adventure of chasing the rolling raspberry. In that moment, he realized that sometimes the joy isn’t just in the treasure itself, but in the fun of the chase.",text_b
278,"Instruction: Write a short story containing an animal and a fruit.

Output: Baxter, the golden retriever, watched intently as Lucy sliced a bright yellow lemon in the kitchen, the citrus aroma filling the air. Curious, he trotted over, his tail wagging with anticipation, but recoiled as Lucy's laughter echoed through the room at his puzzled expression. With a swift toss, she rolled the lemon across the floor, and Baxter pounced, the tangy scent igniting a playful spark in him. He pushed the lemon with his nose, sending it squeaking across the tiles, before he finally took a brave lick, his face scrunching in surprise at the sour taste. Once he realized it was just a game, he barked joyfully, running in circles around the lemon, proving that even the sourest surprises can lead to the sweetest fun.","Instruction: Write a short story containing an animal and a fruit.

Output: Sophie the cat lounged lazily in the sun, her emerald eyes half-closed as she watched a ripe lemon roll across the patio. Intrigued by its vibrant yellow hue, she pounced, batting it with her paw until it tumbled off the edge and landed with a soft thud on the grass. As she cautiously approached, the tangy scent wafted up, and she wrinkled her nose in surprise. Determined to conquer this strange intruder, she swatted it again, only to find herself backpedaling as the lemon rolled away. With a disgruntled flick of her tail, Sophie decided that perhaps conquering the wild world wasn't worth the trouble of citrus tang.",text_a
279,"Instruction: Write a short story containing an animal and a fruit.

Output: Whiskers, the mischievous tabby, lounged lazily in the sunlit kitchen when a bright yellow lemon slid off the counter and rolled towards him. Intrigued, he pounced, sending the lemon bouncing across the tiled floor. With each playful swat, the citrus fruit emitted a zesty aroma, causing Whiskers to sneeze adorably as he chased it. Eventually, he cornered it beneath the pantry, only to discover he preferred his toys soft and furry. With a huff, he curled back into his sunny spot, dreaming of catnip instead of citrus.","Instruction: Write a short story containing an animal and a fruit.

Output: In a sunny backyard, a curious golden retriever named Jake discovered a bright yellow lemon lying beneath the tree. Intrigued by its vibrant color and unusual scent, he nudged it with his nose, sending it rolling across the grass. As he chased after it, Jake stumbled onto a patch of daisies, sending petals flying into the air like confetti. With a triumphant bark, he pounced on the lemon, but instead of a satisfying chew, he recoiled from the sour surprise that burst between his teeth. After a moment of contemplation, he decided that chasing daisies was far more enjoyable than battling the bitter fruit.",text_b
280,"Instruction: Write a short story containing an animal and a fruit.

Output: Whiskers, the mischievous tabby, lounged lazily in the sunlit kitchen when a bright yellow lemon slid off the counter and rolled towards him. Intrigued, he pounced, sending the lemon bouncing across the tiled floor. With each playful swat, the citrus fruit emitted a zesty aroma, causing Whiskers to sneeze adorably as he chased it. Eventually, he cornered it beneath the pantry, only to discover he preferred his toys soft and furry. With a huff, he curled back into his sunny spot, dreaming of catnip instead of citrus.","Instruction: Write a short story containing an animal and a fruit.

Output: Buster, a scruffy terrier with a nose for mischief, stumbled upon a bright yellow lemon rolling across the yard. Intrigued, he pounced and sent it skidding under the garden gate, where it landed in a patch of daisies. With a playful bark, Buster chased after it, the citrus scent igniting a spark of excitement. As he grabbed the lemon in his mouth, the tart juice burst forth, making him yelp and drop it in surprise. Satisfied with his adventure, Buster trotted back to his sunny spot, leaving the lemon to bask in the warmth of the afternoon sun.",text_b
281,"Instruction: Write a short story containing an animal and a fruit.

Output: Sophie the cat lounged lazily in the sun, her emerald eyes half-closed as she watched a ripe lemon roll across the patio. Intrigued by its vibrant yellow hue, she pounced, batting it with her paw until it tumbled off the edge and landed with a soft thud on the grass. As she cautiously approached, the tangy scent wafted up, and she wrinkled her nose in surprise. Determined to conquer this strange intruder, she swatted it again, only to find herself backpedaling as the lemon rolled away. With a disgruntled flick of her tail, Sophie decided that perhaps conquering the wild world wasn't worth the trouble of citrus tang.","Instruction: Write a short story containing an animal and a fruit.

Output: Whiskers, the curious orange tabby, prowled through the garden, his nose twitching at the sweet scent of ripe raspberries. Spotting a plump berry nestled among the thorny branches, he pounced, only to tumble head over paws into a patch of soft grass. Dazed but undeterred, he batted the berry with his paw, sending it rolling across the ground. Captivated, he chased after it, delighted as it made a mess of his whiskers and a bright red stain on his fur. As the sun set, Whiskers lay sprawled in the grass, satisfied, with his newfound treasure resting beside him like a trophy of his playful adventure.",text_b
283,"Instruction: Write a short story containing an animal and a fruit.

Output: Whiskers, the curious orange tabby, prowled through the garden, his nose twitching at the sweet scent of ripe raspberries. Spotting a plump berry nestled among the thorny branches, he pounced, only to tumble head over paws into a patch of soft grass. Dazed but undeterred, he batted the berry with his paw, sending it rolling across the ground. Captivated, he chased after it, delighted as it made a mess of his whiskers and a bright red stain on his fur. As the sun set, Whiskers lay sprawled in the grass, satisfied, with his newfound treasure resting beside him like a trophy of his playful adventure.","Instruction: Write a short story containing an animal and a fruit.

Output: Baxter, the playful golden retriever, spotted a bright yellow lemon rolling down the sidewalk. With a curious tilt of his head, he pounced on it, sending it bouncing into the grass. The tangy scent intrigued him, and he began to nuzzle it with his nose, making it roll even further. Just as he was about to take a playful bite, his owner called out, laughter bubbling up, ""Baxter, that’s not a ball!"" Realizing it wasn’t meant for chewing, Baxter gave the lemon one last nudge before trotting off in search of a real toy.",text_a
284,"Instruction: Write a short story containing an animal and a fruit.

Output: Whiskers the cat lounged in the sun, lazily batting at a bright yellow lemon that had rolled off the kitchen counter. Intrigued by its zesty scent, he gave it a tentative sniff, then pounced, sending it skidding across the wooden floor. With each playful swipe, the lemon wobbled and danced, momentarily becoming a lively foe in his feline kingdom. Eventually, exhausted from his antics, Whiskers curled up beside the lemon, now a warm reminder of his afternoon adventure. As he drifted off to sleep, a tiny drop of lemon juice rolled off the fruit, landing softly on his nose, and he twitched in his dreams of citrus escapades.","Instruction: Write a short story containing an animal and a fruit.

Output: Baxter, the golden retriever, trotted happily through the sunny park, a bright yellow lemon clutched in his mouth. He had spotted it rolling away from a picnic blanket and thought it must be a new toy. Curious onlookers giggled as he playfully dropped it, only to chase it down again, his tail wagging furiously. With each joyous pounce, the sour scent filled the air, causing his canine friends to sniff with bewilderment. In the end, Baxter decided he'd had enough fun and pranced away, leaving the perplexed lemon behind, as if it were a puzzle only he could understand.",text_b
285,"Instruction: Write a short story containing an animal and a fruit.

Output: On a sunny afternoon, a curious golden retriever named Buddy wandered into the garden, his nose twitching with excitement. There, nestled among the leaves, he found a plump, red raspberry glistening in the sunlight. With a gentle nudge, he knocked it loose, watching it roll across the ground with wide eyes. As he pounced after it, the raspberry squished between his paws, sending a burst of sweet juice into the air. Happy with his find, Buddy trotted back to his owner, leaving a trail of red paw prints behind him.","Instruction: Write a short story containing an animal and a fruit.

Output: Baxter the golden retriever sniffed curiously at the bright yellow lemon that had rolled off the kitchen counter and onto the floor. With a playful bounce, he nudged it with his nose, watching it tumble across the tile. Intrigued, he grabbed it with his mouth, only to recoil at the sour burst of flavor that spread across his tongue. Shaking his head, he dropped the lemon and trotted away, leaving it to roll to a stop beneath the table. Moments later, he returned with his favorite ball, ready for a game that didn’t involve sour surprises.",text_b
286,"Instruction: Write a short story containing an animal and a fruit.

Output: Max the golden retriever trotted through the garden, his nose twitching with the sweet scent of ripe raspberries. With a playful leap, he snatched one from the bush, its red hue contrasting against his golden fur. Delighted, he dashed to his owner, wagging his tail and dropping the berry at her feet as if presenting a treasure. She laughed, picking it up and giving him a scratch behind the ears, promising a treat in return. From that day on, every raspberry season turned into a playful game, where fruit became both prize and bond between them.","Instruction: Write a short story containing an animal and a fruit.

Output: Whiskers, the mischievous tabby, perched on the kitchen counter, his amber eyes wide with curiosity. Beneath his paw lay a bright yellow lemon, gleaming like a tiny sun. With a swift swipe, he sent it rolling across the floor, the citrus fruit bouncing in unpredictable directions. Intrigued by the chase, Whiskers pounced and skidded to a halt, surprised as the lemon squished under his weight. The zesty aroma filled the air, and as he stepped back, a newfound respect for the quirky fruit blossomed in his feline heart.",text_a
288,"Instruction: Write a short story containing an animal and a fruit.

Output: On a warm afternoon, a curious cat named Whiskers discovered a bright yellow lemon lying in the garden. Intrigued by its color and scent, he batted at it playfully, sending it rolling across the grass. As the lemon came to a stop by the flowerbed, Whiskers pounced, only to be met with a sour surprise that made him recoil in confusion. Shaking his head and licking his paws, he decided that perhaps chasing butterflies was a better way to spend the day. With one last puzzled glance at the lemon, he pranced off, leaving the citrus fruit to sit in the sun.","Instruction: Write a short story containing an animal and a fruit.

Output: Whiskers, the curious cat, spotted a glistening raspberry nestled among the vibrant green leaves of the garden. Intrigued, she pawed gently at the plump fruit, causing it to roll and bounce playfully across the ground. With a swift leap, she chased it, her tail flicking in delight, until it came to a stop near a sunbeam. As she settled to catch her breath, Whiskers found herself captivated not just by the berry, but by the golden light that danced around her. In that serene moment, she realized that sometimes, the sweetest treasures are found in the simplest of pleasures.",text_b
289,"Instruction: Write a short story containing an animal and a fruit.

Output: Whiskers the cat lounged lazily in the afternoon sun, his gaze fixed on a bright yellow lemon that rolled slowly across the garden path. Curiosity piqued, he pounced, sending the citrus fruit bouncing into a patch of wildflowers. Intrigued by its zesty scent, he batted it playfully, only to find his paw slipping on the smooth surface, sending him tumbling backward into a rose bush. Dizzy but undeterred, Whiskers emerged with a petal crown and a newfound respect for lemons. From that day on, he kept a watchful eye on the sunny fruit, knowing adventure lurked in unexpected places.","Instruction: Write a short story containing an animal and a fruit.

Output: Baxter the golden retriever trotted through the sunlit garden, his nose twitching as he caught a whiff of something sweet. His eyes landed on a plump raspberry, glistening with morning dew, nestled among the green leaves. Curious, he nudged it gently with his snout, sending it tumbling across the soil. With a playful bark, he pounced after it, his tail wagging in joy, only to realize he had created a delicious mess. Content, Baxter plopped down in the sunshine, savoring both the taste of the berry juice on his nose and the simple pleasure of a warm summer day.",text_b
291,"Instruction: Write a short story containing an animal and a fruit.

Output: Benny, the golden retriever, sniffed curiously at the bush in the backyard and unearthed a ripe raspberry nestled among the leaves. With a quick flick of his tongue, he devoured the berry, its sweetness bursting in his mouth like a tiny firework. After the unexpected treat, Benny raced around the yard, leaping and bounding as if the raspberry had given him superpowers. His owner, Mira, watched with a smile, enchanted by his goofy antics. From that day on, every summer afternoon was filled with Benny's joyful frolics, all sparked by a simple raspberry.","Instruction: Write a short story containing an animal and a fruit.

Output: Whiskers, the fluffy orange cat, lounged in the sunbeam streaming through the kitchen window, his gaze fixed on a bright lemon rolling across the counter. With a swift leap, he pounced, sending the lemon tumbling to the floor, where it rolled like a small, yellow bouncy ball. Intrigued, he chased it around the kitchen, his paws slapping against the tile like a playful drumbeat. Suddenly, he halted and sniffed the lemon, his whiskers twitching at the unfamiliar citrus scent. In a moment of feline finesse, he turned away, deciding that some treasures were better left untouched.",text_a
292,"Instruction: Write a short story containing an animal and a fruit.

Output: Whiskers, the curious tabby, lounged lazily on the kitchen counter when a bright yellow lemon rolled off the edge and bounced onto the floor. Intrigued, he swatted at it with his paw, sending it skidding across the tiles. As the lemon came to a stop, it emitted a refreshing citrus scent that tickled his nose, prompting a playful pounce. In his excitement, he knocked it against the wall, watching it wobble before settling back down, as if teasing him to play. With a contented chirrup, Whiskers curled up next to his newfound toy, dreaming of sunny orchards and the mysteries of the world beyond the window.","Instruction: Write a short story containing an animal and a fruit.

Output: Baxter, the golden retriever, had always been curious about the fruit tree in the backyard, especially the shiny yellow lemons that hung like little suns. One sunny afternoon, while his owner was distracted, he snatched one from the ground and tossed it in the air, thinking it was the best toy ever. The lemon burst open upon impact, releasing a zesty aroma that made Baxter's nose twitch in confusion. With a puzzled bark, he gave the remnants a cautious lick, only to recoil in surprise at the sour taste. Deciding it wasn’t a plaything after all, he trotted back to his owner, hoping for a treat that was decidedly less tangy.",text_b
293,"Instruction: Write a short story containing an animal and a fruit.

Output: Whiskers, the fluffy orange cat, lounged in the sunbeam streaming through the kitchen window, his gaze fixed on a bright lemon rolling across the counter. With a swift leap, he pounced, sending the lemon tumbling to the floor, where it rolled like a small, yellow bouncy ball. Intrigued, he chased it around the kitchen, his paws slapping against the tile like a playful drumbeat. Suddenly, he halted and sniffed the lemon, his whiskers twitching at the unfamiliar citrus scent. In a moment of feline finesse, he turned away, deciding that some treasures were better left untouched.","Instruction: Write a short story containing an animal and a fruit.

Output: Luna the cat prowled through the garden, her emerald eyes sparkling with mischief. Spotting a ripe raspberry glistening in the sunlight, she pounced, batting it playfully with her paw. The tiny fruit rolled away, teasing her to chase it across the soft grass. After a few swift leaps, she finally caught it between her paws but froze, realizing that perhaps chasing was more fun than eating. With a satisfied flick of her tail, she let the raspberry roll away again, ready for another round of playful pursuit.",text_b
294,"Instruction: Write a short story containing an animal and a fruit.

Output: Whiskers, the mischievous tabby cat, found a bright lemon rolling off the kitchen counter and pounced on it with delight. Intrigued by its smooth, yellow surface, he swatted it across the floor, watching it bounce with every tap. Just as he got ready for one final pounce, the lemon burst open, releasing its tangy scent and startling him into a playful leap. Confused but intrigued, Whiskers began to bat at the pieces, treating them as treasures from a hidden garden. From that day on, the lemon became his favorite companion, a vibrant reminder that adventure could be found in the most unexpected places.","Instruction: Write a short story containing an animal and a fruit.

Output: Whiskers, the mischievous tabby, watched intently as the plump raspberry rolled off the kitchen counter, its ruby hue glistening in the sunlight. With a swift leap, he pounced, batting the berry across the floor like a tiny soccer ball. Each time the raspberry veered away, it taunted him, as if it had a mind of its own. Finally, with one triumphant swipe of his paw, he sent it sailing into his food bowl, claiming victory. Purring contentedly, Whiskers settled down for a nap, the sweet scent of fruity conquest lingering in the air.",text_b
296,"Instruction: Write a short story containing an animal and a fruit.

Output: On a sunny afternoon, a curious golden retriever named Buddy wandered into the garden, his nose twitching with excitement. There, nestled among the leaves, he found a plump, red raspberry glistening in the sunlight. With a gentle nudge, he knocked it loose, watching it roll across the ground with wide eyes. As he pounced after it, the raspberry squished between his paws, sending a burst of sweet juice into the air. Happy with his find, Buddy trotted back to his owner, leaving a trail of red paw prints behind him.","Instruction: Write a short story containing an animal and a fruit.

Output: Baxter, the playful golden retriever, spotted a bright yellow lemon rolling down the sidewalk. With a curious tilt of his head, he pounced on it, sending it bouncing into the grass. The tangy scent intrigued him, and he began to nuzzle it with his nose, making it roll even further. Just as he was about to take a playful bite, his owner called out, laughter bubbling up, ""Baxter, that’s not a ball!"" Realizing it wasn’t meant for chewing, Baxter gave the lemon one last nudge before trotting off in search of a real toy.",text_b
297,"Instruction: Write a short story containing an animal and a fruit.

Output: Baxter, the golden retriever, had always been curious about the fruit tree in the backyard, especially the shiny yellow lemons that hung like little suns. One sunny afternoon, while his owner was distracted, he snatched one from the ground and tossed it in the air, thinking it was the best toy ever. The lemon burst open upon impact, releasing a zesty aroma that made Baxter's nose twitch in confusion. With a puzzled bark, he gave the remnants a cautious lick, only to recoil in surprise at the sour taste. Deciding it wasn’t a plaything after all, he trotted back to his owner, hoping for a treat that was decidedly less tangy.","Instruction: Write a short story containing an animal and a fruit.

Output: Buddy, the golden retriever, bounded through the garden, his nose twitching with excitement. Just as he stopped to sniff a patch of vibrant flowers, a plump, red raspberry rolled past his paw, glistening in the sunlight. With a swift flick of his tongue, he snatched it up, savoring the sweet burst of flavor. The garden seemed to come alive as he pranced around, raspberry juice dripping from his chin, a proud look in his eyes. In that moment, Buddy wasn’t just a dog; he was the king of the garden, ruling over his realm with a fruity crown.",text_a
298,"Instruction: Write a short story containing an animal and a fruit.

Output: Whiskers the cat prowled around the kitchen, her emerald eyes fixated on a bright yellow lemon perched on the countertop. With a swift leap, she knocked it off, watching in delight as it rolled across the floor. Intrigued, she batted it with her paw, only to recoil when the tangy scent filled the air. Deciding it was too sour for her liking, she settled down next to the fruit and let out a contented purr, claiming it as her new toy. From that day on, the lemon became an odd companion, a testament to Whiskers' curiosity and the simple joys of feline life.","Instruction: Write a short story containing an animal and a fruit.

Output: On a bright summer afternoon, a curious golden retriever named Benny sniffed out something unusual in the garden—a ripe raspberry tucked beneath a sprawling bush. With a gentle nudge of his nose, he dislodged the plump fruit, sending it tumbling across the ground. Intrigued, Benny chased it, barking joyfully as it rolled and bounced along the soft grass. When he finally caught up, he gently picked it up, tilting his head in confusion at this unexpected treasure. To his delight, his owner appeared, laughing as she offered Benny a treat, but he proudly sat, presenting the raspberry as if it were the finest prize.",text_b
299,"Instruction: Write a short story containing an animal and a fruit.

Output: Baxter, the cheerful golden retriever, bounded through the garden, his nose twitching with excitement as he caught the tangy scent of ripe lemons. His owner, Claire, had left one on the ground, and with a mischievous glint in his eye, he picked it up and playfully tossed it in the air. The lemon rolled away, and Baxter chased after it, his paws clattering against the cobblestones, only to stop short when he realized it couldn’t fetch back. Curiously, he nudged it with his nose, causing a burst of yellow juice to splatter on his face, much to Claire's amusement. With a happy bark, Baxter decided that he loved lemons, even if they didn't fetch.","Instruction: Write a short story containing an animal and a fruit.

Output: Benny the golden retriever bounded through the garden, his nose twitching at the sweet scent of ripe fruit. Spotting a plump raspberry nestled among the leaves, he scooped it up in his mouth, only to find it burst with juice, staining his fur a cheerful red. As he trotted back to his owner, the little girl giggled and pointed at her goofy dog, declaring him a “raspberry prince.” In his simple, joyful way, Benny seemed to bask in the royal title, wagging his tail with pride. From that day on, the garden became their kingdom, filled with laughter and the delightful chaos of a dog who loved fruit.",text_a
301,"Instruction: Write a short story containing an animal and a fruit.

Output: On a sunny afternoon, Whiskers the cat spotted a bright red raspberry nestled among the garden's green leaves. With a playful pounce, he knocked it loose, watching it roll away like a little ruby on the grass. Intrigued, he chased after it, his paws dancing across the ground, but just as he caught up, a gentle breeze sent the raspberry tumbling into a patch of clover. Whiskers paused, tilting his head, then plopped down beside it, surrendering to the simple joy of the moment. Sometimes, he thought, the best treasures are the ones you never truly catch.","Instruction: Write a short story containing an animal and a fruit.

Output: In a sunlit garden, Charlie the golden retriever discovered a plump, ripe raspberry hidden among the leaves. Curiosity stirred, he nudged it with his nose, watching as it rolled free and tumbled across the grass. With a playful bark, he pounced, his paws sending it flying into the air. As it landed with a soft splat, Charlie licked his lips, savoring the sweet burst of flavor. From that day on, every raspberry season brought a new adventure for Charlie, the garden explorer on a fruity quest.",text_a
303,"Instruction: Write a short story containing an animal and a fruit.

Output: On a sunny afternoon, Whiskers the cat spotted a bright red raspberry nestled among the garden's green leaves. With a playful pounce, he knocked it loose, watching it roll away like a little ruby on the grass. Intrigued, he chased after it, his paws dancing across the ground, but just as he caught up, a gentle breeze sent the raspberry tumbling into a patch of clover. Whiskers paused, tilting his head, then plopped down beside it, surrendering to the simple joy of the moment. Sometimes, he thought, the best treasures are the ones you never truly catch.","Instruction: Write a short story containing an animal and a fruit.

Output: Baxter the dog sniffed eagerly around the garden, his nose twitching with excitement. Suddenly, he spotted a plump raspberry nestled among the leaves, glistening like a jewel in the sun. With a quick pounce, he snatched it up, the tart juice bursting in his mouth, sending him into a happy spin. His owner laughed, watching as Baxter pranced around, convinced he had just discovered the greatest treasure of all. In that moment, the garden felt like a vast kingdom, and the raspberry, a crown jewel that only a brave dog like Baxter could claim.",text_a
304,"Instruction: Write a short story containing an animal and a fruit.

Output: On a sunny afternoon, Benny the golden retriever stumbled upon a bright yellow lemon rolling across the yard. Curiously, he nudged it with his nose, sending it spiraling into a patch of daisies. Intrigued by its sudden journey, he chased after it, his tail wagging furiously. As he caught up, he happily pounced on the lemon, only to reel back in surprise at its tart scent. With a confused woof, he decided it was best to stick to his favorite tennis ball instead.","Instruction: Write a short story containing an animal and a fruit.

Output: Whiskers, the curious cat, spotted a glistening raspberry nestled among the vibrant green leaves of the garden. Intrigued, she pawed gently at the plump fruit, causing it to roll and bounce playfully across the ground. With a swift leap, she chased it, her tail flicking in delight, until it came to a stop near a sunbeam. As she settled to catch her breath, Whiskers found herself captivated not just by the berry, but by the golden light that danced around her. In that serene moment, she realized that sometimes, the sweetest treasures are found in the simplest of pleasures.",text_b
307,"Instruction: Write a short story containing an animal and a fruit.

Output: Whiskers the cat lounged lazily in the warm sunbeam that spilled onto the kitchen floor, eyeing the vibrant lemon that had rolled off the countertop. With a playful leap, he pounced, sending the citrus fruit skidding across the tiles. Intrigued by its bright color and zesty scent, Whiskers sniffed and batted at the lemon, only to be startled when it rolled under the fridge. Pouting slightly at the loss of his newfound toy, he curled up and decided that maybe napping was a better use of his time. As the sun began to set, he dreamt of tangy adventures and the sound of laughter from the kitchen above.","Instruction: Write a short story containing an animal and a fruit.

Output: Whiskers the cat crouched low beside the raspberry bush, his tail twitching with anticipation. A single, plump raspberry dangled enticingly from a branch, glistening in the afternoon sun. With a swift leap, he knocked it to the ground, watching it roll away with wide, curious eyes. To his surprise, a tiny creature scuttled out from under the leaves, chasing after the berry with a squeak of delight. Whiskers, intrigued, decided to follow the unlikely duo, embarking on an unexpected adventure filled with laughter and newfound friendship.",text_b
309,"Instruction: Write a short story containing an animal and a fruit.

Output: Whiskers, a sleek gray cat with mismatched eyes, sat perched on the kitchen counter, her gaze fixed intently on a bright yellow lemon rolling to and fro on the cutting board. With a playful pounce, she sent the lemon tumbling to the floor, where it bounced with a curious wobble. Intrigued, she bat at it again, her paws dancing around the citrus orb as it rolled under the table. Just as Whiskers dove to catch her prize, her owner entered, laughing at the sight of the unexpected feline-lemon showdown. With a triumphant chirp, Whiskers fetched her prize back to the surface, only to abandon it for a sunbeam, the lemon left to its quiet, lonely shine.","Instruction: Write a short story containing an animal and a fruit.

Output: In a sunny backyard, a curious golden retriever named Charlie discovered a bright yellow lemon that had rolled from the picnic table. Intrigued, he nudged it with his nose, only to watch it bounce away like a playful ball. As he chased it across the grass, Charlie couldn't help but bark excitedly, while the lemon rolled into a patch of daisies. When he finally caught up, he proudly picked it up, only to be met with a bewildered look from his owner, who laughed at the sight. From that day on, Charlie and his new citrus friend became inseparable, bringing joyful chaos to every sunny afternoon.",text_b
311,"Instruction: Write a short story containing an animal and a fruit.

Output: Baxter the golden retriever trotted through the sunlit garden, his nose twitching as he caught a whiff of something sweet. His eyes landed on a plump raspberry, glistening with morning dew, nestled among the green leaves. Curious, he nudged it gently with his snout, sending it tumbling across the soil. With a playful bark, he pounced after it, his tail wagging in joy, only to realize he had created a delicious mess. Content, Baxter plopped down in the sunshine, savoring both the taste of the berry juice on his nose and the simple pleasure of a warm summer day.","Instruction: Write a short story containing an animal and a fruit.

Output: Baxter, the golden retriever, trotted happily through the sunny park, a bright yellow lemon clutched in his mouth. He had spotted it rolling away from a picnic blanket and thought it must be a new toy. Curious onlookers giggled as he playfully dropped it, only to chase it down again, his tail wagging furiously. With each joyous pounce, the sour scent filled the air, causing his canine friends to sniff with bewilderment. In the end, Baxter decided he'd had enough fun and pranced away, leaving the perplexed lemon behind, as if it were a puzzle only he could understand.",text_b
312,"Instruction: Write a short story containing an animal and a fruit.

Output: In the sunny backyard, a golden retriever named Buddy discovered a bright yellow lemon nestled among the grass. Curious, he pawed at it, sending it rolling across the yard, and then chased after it with joyous barks. Each time he caught up, he playfully nudged it with his nose, only to watch it escape again. Suddenly, a curious neighbor poked his head over the fence, laughing at Buddy’s antics and offering him a slice of lemon to taste. With a comical scrunch of his nose, Buddy decided that chasing the lemon was far more fun than eating it.","Instruction: Write a short story containing an animal and a fruit.

Output: Luna, the curious cat, sat perched on the sunny windowsill, her emerald eyes fixated on a bright yellow lemon rolling across the kitchen counter. With a swift paw swipe, she sent the lemon tumbling to the floor, where it landed with a soft thud. Intrigued by its zesty scent, Luna cautiously approached, giving it a tentative nuzzle. Just then, her owner entered and, chuckling at the sight, picked up the lemon, offering it to Luna like a rare treasure. Undeterred, Luna flicked her tail and turned to chase a sunbeam instead, leaving the lemon to rest in its citrusy solitude.",text_a
313,"Instruction: Write a short story containing an animal and a fruit.

Output: Whiskers the cat prowled around the kitchen, her emerald eyes fixated on a bright yellow lemon perched on the countertop. With a swift leap, she knocked it off, watching in delight as it rolled across the floor. Intrigued, she batted it with her paw, only to recoil when the tangy scent filled the air. Deciding it was too sour for her liking, she settled down next to the fruit and let out a contented purr, claiming it as her new toy. From that day on, the lemon became an odd companion, a testament to Whiskers' curiosity and the simple joys of feline life.","Instruction: Write a short story containing an animal and a fruit.

Output: Baxter, a mischievous golden retriever, caught a whiff of something tangy wafting from the kitchen. With a wag of his tail and a bound, he dashed inside to find a lemon rolling off the countertop. Curiosity piqued, he nudged it with his nose, sending it tumbling across the floor. As he chased it, the bright, zesty scent filled the air, and with one triumphant bite, he discovered that this citrus fruit wasn’t meant for playful pups. He promptly looked up at his owner, his face twisted in confusion, as if to say, “What’s so special about this sour ball?”",text_b
316,"Instruction: Write a short story containing an animal and a fruit.

Output: Benny the golden retriever bounded through the garden, his nose twitching at the sweet scent of ripe fruit. Spotting a plump raspberry nestled among the leaves, he scooped it up in his mouth, only to find it burst with juice, staining his fur a cheerful red. As he trotted back to his owner, the little girl giggled and pointed at her goofy dog, declaring him a “raspberry prince.” In his simple, joyful way, Benny seemed to bask in the royal title, wagging his tail with pride. From that day on, the garden became their kingdom, filled with laughter and the delightful chaos of a dog who loved fruit.","Instruction: Write a short story containing an animal and a fruit.

Output: Whiskers, the mischievous tabby, lounged lazily in the sunlit kitchen when a bright yellow lemon slid off the counter and rolled towards him. Intrigued, he pounced, sending the lemon bouncing across the tiled floor. With each playful swat, the citrus fruit emitted a zesty aroma, causing Whiskers to sneeze adorably as he chased it. Eventually, he cornered it beneath the pantry, only to discover he preferred his toys soft and furry. With a huff, he curled back into his sunny spot, dreaming of catnip instead of citrus.",text_a
317,"Instruction: Write a short story containing an animal and a fruit.

Output: On a sunny afternoon, Benny the golden retriever stumbled upon a bright yellow lemon rolling across the yard. Curiously, he nudged it with his nose, sending it spiraling into a patch of daisies. Intrigued by its sudden journey, he chased after it, his tail wagging furiously. As he caught up, he happily pounced on the lemon, only to reel back in surprise at its tart scent. With a confused woof, he decided it was best to stick to his favorite tennis ball instead.","Instruction: Write a short story containing an animal and a fruit.

Output: Benny, a curious golden retriever, sniffed the air and trotted towards the berry patch in his backyard. He spotted a plump raspberry glistening under the afternoon sun and, unable to resist, plucked it from its stem with a gentle nip. As he rolled the sweet fruit around in his mouth, an unexpected burst of flavor made him leap with joy. For the rest of the day, Benny flitted between the garden and the kitchen, hoping to find more delicious treasures. Little did he know, his owner had baked a raspberry pie, and Benny’s newfound obsession would lead to a delightful afternoon of shared treats.",text_a
318,"Instruction: Write a short story containing an animal and a fruit.

Output: Whiskers the cat lounged lazily on the sun-warmed windowsill, his emerald eyes fixated on a bright yellow lemon that had rolled off the kitchen counter. Intrigued, he leapt down and batted the citrus fruit with his paw, sending it skidding across the floor. To his surprise, the lemon released a tangy scent that made him sneeze, startling him into a playful frenzy. He pounced and chased it until it finally came to a stop, resting at the feet of his owner, who chuckled at the sight. From that day on, the lemon became Whiskers’ most entertaining toy, a zesty companion for his afternoon antics.","Instruction: Write a short story containing an animal and a fruit.

Output: Whiskers, the curious tabby cat, prowled through the garden, her emerald eyes scanning for any signs of mischief. Suddenly, she caught a glimpse of a plump raspberry gleaming in the sunlight, nestled among the leaves. With a swift pounce, she batted the berry, sending it rolling across the dirt, its vivid red hue contrasting against the earthy tones. Intrigued, Whiskers chased after it, only to discover that the tart scent invited her to nibble, leaving her with a bewildered look and a hesitant lick of the juice on her paw. From that day on, the raspberry became her secret treasure, signaling the start of many playful afternoons in the garden.",text_b
319,"Instruction: Write a short story containing an animal and a fruit.

Output: Benny, a golden retriever with boundless energy, sprinted through the garden, nose raised to the air, following an enticing scent. His keen senses led him to a vibrant patch of raspberry bushes, their plump, red fruits glistening in the afternoon sun. With a playful leap, he snatched one ripe raspberry off the lowest branch, savoring its sweet-tart flavor with an excited wag of his tail. Just then, his owner, Clara, stepped outside, laughing as she watched her beloved dog relish his unexpected treat. From that day on, Benny became the self-appointed guardian of the raspberry patch, always ready to taste the summer's bounty.","Instruction: Write a short story containing an animal and a fruit.

Output: Baxter the golden retriever sniffed curiously at the bright yellow lemon that had rolled off the kitchen counter and onto the floor. With a playful bounce, he nudged it with his nose, watching it tumble across the tile. Intrigued, he grabbed it with his mouth, only to recoil at the sour burst of flavor that spread across his tongue. Shaking his head, he dropped the lemon and trotted away, leaving it to roll to a stop beneath the table. Moments later, he returned with his favorite ball, ready for a game that didn’t involve sour surprises.",text_b
320,"Instruction: Write a short story containing an animal and a fruit.

Output: Benny, the golden retriever, sniffed curiously at the bush in the backyard and unearthed a ripe raspberry nestled among the leaves. With a quick flick of his tongue, he devoured the berry, its sweetness bursting in his mouth like a tiny firework. After the unexpected treat, Benny raced around the yard, leaping and bounding as if the raspberry had given him superpowers. His owner, Mira, watched with a smile, enchanted by his goofy antics. From that day on, every summer afternoon was filled with Benny's joyful frolics, all sparked by a simple raspberry.","Instruction: Write a short story containing an animal and a fruit.

Output: Whiskers the cat crouched low beside the raspberry bush, his tail twitching with anticipation. A single, plump raspberry dangled enticingly from a branch, glistening in the afternoon sun. With a swift leap, he knocked it to the ground, watching it roll away with wide, curious eyes. To his surprise, a tiny creature scuttled out from under the leaves, chasing after the berry with a squeak of delight. Whiskers, intrigued, decided to follow the unlikely duo, embarking on an unexpected adventure filled with laughter and newfound friendship.",text_b
321,"Instruction: Write a short story containing an animal and a fruit.

Output: In a sunny backyard, a curious golden retriever named Jake discovered a bright yellow lemon lying beneath the tree. Intrigued by its vibrant color and unusual scent, he nudged it with his nose, sending it rolling across the grass. As he chased after it, Jake stumbled onto a patch of daisies, sending petals flying into the air like confetti. With a triumphant bark, he pounced on the lemon, but instead of a satisfying chew, he recoiled from the sour surprise that burst between his teeth. After a moment of contemplation, he decided that chasing daisies was far more enjoyable than battling the bitter fruit.","Instruction: Write a short story containing an animal and a fruit.

Output: Whiskers, the mischievous tabby, perched on the kitchen counter, his amber eyes wide with curiosity. Beneath his paw lay a bright yellow lemon, gleaming like a tiny sun. With a swift swipe, he sent it rolling across the floor, the citrus fruit bouncing in unpredictable directions. Intrigued by the chase, Whiskers pounced and skidded to a halt, surprised as the lemon squished under his weight. The zesty aroma filled the air, and as he stepped back, a newfound respect for the quirky fruit blossomed in his feline heart.",text_a
323,"Instruction: Write a short story containing an animal and a fruit.

Output: Luna, the curious cat, sat perched on the sunny windowsill, her emerald eyes fixated on a bright yellow lemon rolling across the kitchen counter. With a swift paw swipe, she sent the lemon tumbling to the floor, where it landed with a soft thud. Intrigued by its zesty scent, Luna cautiously approached, giving it a tentative nuzzle. Just then, her owner entered and, chuckling at the sight, picked up the lemon, offering it to Luna like a rare treasure. Undeterred, Luna flicked her tail and turned to chase a sunbeam instead, leaving the lemon to rest in its citrusy solitude.","Instruction: Write a short story containing an animal and a fruit.

Output: Whiskers, the curious cat, spotted a glistening raspberry nestled among the vibrant green leaves of the garden. Intrigued, she pawed gently at the plump fruit, causing it to roll and bounce playfully across the ground. With a swift leap, she chased it, her tail flicking in delight, until it came to a stop near a sunbeam. As she settled to catch her breath, Whiskers found herself captivated not just by the berry, but by the golden light that danced around her. In that serene moment, she realized that sometimes, the sweetest treasures are found in the simplest of pleasures.",text_b
324,"Instruction: Write a short story containing an animal and a fruit.

Output: In a sunny backyard, a curious golden retriever named Charlie discovered a bright yellow lemon that had rolled from the picnic table. Intrigued, he nudged it with his nose, only to watch it bounce away like a playful ball. As he chased it across the grass, Charlie couldn't help but bark excitedly, while the lemon rolled into a patch of daisies. When he finally caught up, he proudly picked it up, only to be met with a bewildered look from his owner, who laughed at the sight. From that day on, Charlie and his new citrus friend became inseparable, bringing joyful chaos to every sunny afternoon.","Instruction: Write a short story containing an animal and a fruit.

Output: In a sunlit garden, Charlie the golden retriever discovered a plump, ripe raspberry hidden among the leaves. Curiosity stirred, he nudged it with his nose, watching as it rolled free and tumbled across the grass. With a playful bark, he pounced, his paws sending it flying into the air. As it landed with a soft splat, Charlie licked his lips, savoring the sweet burst of flavor. From that day on, every raspberry season brought a new adventure for Charlie, the garden explorer on a fruity quest.",text_a
326,"Instruction: Write a short story containing an animal and a fruit.

Output: On a bright summer afternoon, a curious golden retriever named Benny sniffed out something unusual in the garden—a ripe raspberry tucked beneath a sprawling bush. With a gentle nudge of his nose, he dislodged the plump fruit, sending it tumbling across the ground. Intrigued, Benny chased it, barking joyfully as it rolled and bounced along the soft grass. When he finally caught up, he gently picked it up, tilting his head in confusion at this unexpected treasure. To his delight, his owner appeared, laughing as she offered Benny a treat, but he proudly sat, presenting the raspberry as if it were the finest prize.","Instruction: Write a short story containing an animal and a fruit.

Output: On a warm afternoon, Luna, a curious gray cat, spotted a plump raspberry nestled among the garden's wildflowers. Intrigued, she approached with her tail high, batting at the shiny red fruit as it rolled slightly across the grass. With a playful pounce, she captured the raspberry between her paws, but just as she went to take a bite, a butterfly flitted by, distracting her completely. The raspberry wobbled free, rolling away, and Luna took off in pursuit of the new, fluttering prize. By the time she returned to the spot, the raspberry was gone, but Luna didn’t mind; the garden was full of new adventures waiting to unfold.",text_b
327,"Instruction: Write a short story containing an animal and a fruit.

Output: On a sunny afternoon, a curious golden retriever named Benny discovered a bright yellow lemon rolling across the yard. With a playful bark, he pounced on it, his tail wagging furiously as he clamped his mouth around the tart fruit. To his surprise, the sour taste made him scrunch up his face, causing his owner, Lily, to burst into laughter. Undeterred, Benny dropped the lemon and nudged it toward her, inviting her to join in his playful game. From that day on, every time Lily brought out the lemon, Benny would wag his tail, ready for a fun chase.","Instruction: Write a short story containing an animal and a fruit.

Output: Whiskers, the curious cat, spotted a glistening raspberry nestled among the vibrant green leaves of the garden. Intrigued, she pawed gently at the plump fruit, causing it to roll and bounce playfully across the ground. With a swift leap, she chased it, her tail flicking in delight, until it came to a stop near a sunbeam. As she settled to catch her breath, Whiskers found herself captivated not just by the berry, but by the golden light that danced around her. In that serene moment, she realized that sometimes, the sweetest treasures are found in the simplest of pleasures.",text_b
328,"Instruction: Write a short story containing an animal and a fruit.

Output: Benny, a golden retriever with boundless energy, sprinted through the garden, nose raised to the air, following an enticing scent. His keen senses led him to a vibrant patch of raspberry bushes, their plump, red fruits glistening in the afternoon sun. With a playful leap, he snatched one ripe raspberry off the lowest branch, savoring its sweet-tart flavor with an excited wag of his tail. Just then, his owner, Clara, stepped outside, laughing as she watched her beloved dog relish his unexpected treat. From that day on, Benny became the self-appointed guardian of the raspberry patch, always ready to taste the summer's bounty.","Instruction: Write a short story containing an animal and a fruit.

Output: On a bright summer afternoon, Milo, a curious golden retriever, spotted a bright yellow lemon rolling across the yard. With a playful bark, he chased it, his tail wagging furiously as he caught the tangy treasure between his paws. Intrigued, he tilted his head and gave it a tentative lick, only to recoil at the sour surprise. Undeterred, he nudged it with his nose, sending it tumbling into the garden where it was promptly intercepted by a butterfly. As Milo watched the colorful creature dance around the lemon, he decided that sometimes, the joy of discovery was sweeter than any fruit.",text_b
329,"Instruction: Write a short story containing an animal and a fruit.

Output: Milo, the curious gray cat, darted across the kitchen floor, his eyes fixed on a bright red raspberry that rolled off the counter. With a playful swat, he sent the berry tumbling under the table, where it landed with a soft squish. Intrigued by the scent, he pounced on it, only to discover the sweet juice staining his paws. After a few messy licks, he decided that fruit wasn’t quite as thrilling as chasing shadows. With a bored huff, he curled up on the sunny windowsill, leaving the raspberry to its fate.","Instruction: Write a short story containing an animal and a fruit.

Output: Benny, a curious golden retriever, sniffed the air and trotted towards the berry patch in his backyard. He spotted a plump raspberry glistening under the afternoon sun and, unable to resist, plucked it from its stem with a gentle nip. As he rolled the sweet fruit around in his mouth, an unexpected burst of flavor made him leap with joy. For the rest of the day, Benny flitted between the garden and the kitchen, hoping to find more delicious treasures. Little did he know, his owner had baked a raspberry pie, and Benny’s newfound obsession would lead to a delightful afternoon of shared treats.",text_a
330,"Instruction: Write a short story containing an animal and a fruit.

Output: In a sunlit garden, a playful golden retriever named Charlie discovered a lone raspberry nestled among the leaves. With a gentle nudge of his nose, the plump berry tumbled to the ground, rolling away as if inviting a chase. Thrilled by the unexpected game, Charlie bounded after it, his tail wagging like a flag of joy. Just as he caught up and scooped it up with his mouth, his owner laughed, recalling how that very raspberry had been her first successful garden planting. With a contented sigh, Charlie plopped down, savoring the sweet morsel while basking in the warmth of love and sunlight.","Instruction: Write a short story containing an animal and a fruit.

Output: Whiskers the cat lounged lazily in the warm sunbeam that spilled onto the kitchen floor, eyeing the vibrant lemon that had rolled off the countertop. With a playful leap, he pounced, sending the citrus fruit skidding across the tiles. Intrigued by its bright color and zesty scent, Whiskers sniffed and batted at the lemon, only to be startled when it rolled under the fridge. Pouting slightly at the loss of his newfound toy, he curled up and decided that maybe napping was a better use of his time. As the sun began to set, he dreamt of tangy adventures and the sound of laughter from the kitchen above.",text_a
331,"Instruction: Write a short story containing an animal and a fruit.

Output: Whiskers, the curious tabby cat, spotted a glistening raspberry sitting atop the kitchen counter, its vibrant red hue calling to her like a forbidden gem. With a nimble leap, she landed beside the fruit, her whiskers twitching in anticipation. Just as she was about to bat it off the edge, her owner walked in, startling her into a playful pounce. The raspberry rolled away, escaping her grasp, and found its way under the table, where it lay in solitude. Whiskers sat, tail flicking, plotting her next move—the hunt was on, and nothing could distract her from her fruity prey.","Instruction: Write a short story containing an animal and a fruit.

Output: Whiskers, the fluffy orange cat, lounged in the sunbeam streaming through the kitchen window, his gaze fixed on a bright lemon rolling across the counter. With a swift leap, he pounced, sending the lemon tumbling to the floor, where it rolled like a small, yellow bouncy ball. Intrigued, he chased it around the kitchen, his paws slapping against the tile like a playful drumbeat. Suddenly, he halted and sniffed the lemon, his whiskers twitching at the unfamiliar citrus scent. In a moment of feline finesse, he turned away, deciding that some treasures were better left untouched.",text_a
332,"Instruction: Write a short story containing an animal and a fruit.

Output: On a sunny afternoon, Whiskers the cat spotted a bright red raspberry nestled among the garden's green leaves. With a playful pounce, he knocked it loose, watching it roll away like a little ruby on the grass. Intrigued, he chased after it, his paws dancing across the ground, but just as he caught up, a gentle breeze sent the raspberry tumbling into a patch of clover. Whiskers paused, tilting his head, then plopped down beside it, surrendering to the simple joy of the moment. Sometimes, he thought, the best treasures are the ones you never truly catch.","Instruction: Write a short story containing an animal and a fruit.

Output: Whiskers, the mischievous tabby, lounged lazily in the sunlit kitchen when a bright yellow lemon slid off the counter and rolled towards him. Intrigued, he pounced, sending the lemon bouncing across the tiled floor. With each playful swat, the citrus fruit emitted a zesty aroma, causing Whiskers to sneeze adorably as he chased it. Eventually, he cornered it beneath the pantry, only to discover he preferred his toys soft and furry. With a huff, he curled back into his sunny spot, dreaming of catnip instead of citrus.",text_a
333,"Instruction: Write a short story containing an animal and a fruit.

Output: Baxter, the golden retriever, trotted happily through the sunny park, a bright yellow lemon clutched in his mouth. He had spotted it rolling away from a picnic blanket and thought it must be a new toy. Curious onlookers giggled as he playfully dropped it, only to chase it down again, his tail wagging furiously. With each joyous pounce, the sour scent filled the air, causing his canine friends to sniff with bewilderment. In the end, Baxter decided he'd had enough fun and pranced away, leaving the perplexed lemon behind, as if it were a puzzle only he could understand.","Instruction: Write a short story containing an animal and a fruit.

Output: In a sun-drenched garden, a playful golden retriever named Charlie bounded among the bushes, his nose twitching with excitement. Suddenly, he caught scent of something sweet and tart; a plump raspberry dangling from a thorny stem. With a gentle nudge of his snout, he plucked the berry from its perch, vibrant juice staining his furry muzzle. Delighted by his discovery, he trotted back to his owner, presenting the prize as if it were a trophy. They both laughed, sharing a moment of joy, as Charlie happily licked the berry juices from his face, scrambling for more treasures in the garden.",text_a
334,"Instruction: Write a short story containing an animal and a fruit.

Output: Baxter, the scruffy terrier, had never tasted a lemon before. One sunny afternoon, he discovered a half-squished lemon lying on the porch, its citrus scent tantalizing his curious nose. With a playful bound, he pounced on it, rolling it across the floor with his paws, completely unaware of the tangy surprise it held. When he finally took a brave nibble, his face scrunched up in bewilderment, prompting a series of comical barks that echoed through the yard. From that day on, Baxter's adventures included finding more fruits to taste, but nothing could quite compare to that first, zesty encounter with the lemon.","Instruction: Write a short story containing an animal and a fruit.

Output: Whiskers the cat, with his glossy fur and mischievous eyes, prowled the kitchen in search of adventure. One sunny afternoon, he stumbled upon a plump lemon resting on the counter, its vibrant yellow skin catching his gaze. Intrigued, he batted it with a paw, sending it rolling across the floor, where it became an unexpected target for his playful antics. As he pounced and danced around the lemon, he imagined it was a lively creature, taunting him with its zesty charm. Finally, with a triumphant leap, he caught it in his claws, only to discover that sometimes, the most delightful treasures were simply meant to be enjoyed from a distance.",text_a
337,"Instruction: Write a short story containing an animal and a fruit.

Output: In a sunlit backyard, Charlie the dog frolicked among the daisies, his tail wagging like a little flag. Suddenly, he spotted a bright yellow object rolling across the grass—an abandoned lemon from the picnic table. Intrigued, Charlie pounced on it, his nose crinkling at the sour scent, but he couldn't resist the playful chase it inspired. With a joyful bark, he began to toss the lemon in the air, its zesty aroma filling the air as he spun in circles. As the sun dipped below the horizon, Charlie lay contentedly among the daisies, the lemon forgotten but the joy of play forever etched in his heart.","Instruction: Write a short story containing an animal and a fruit.

Output: Whiskers, the mischievous tabby, perched on the kitchen counter, his amber eyes wide with curiosity. Beneath his paw lay a bright yellow lemon, gleaming like a tiny sun. With a swift swipe, he sent it rolling across the floor, the citrus fruit bouncing in unpredictable directions. Intrigued by the chase, Whiskers pounced and skidded to a halt, surprised as the lemon squished under his weight. The zesty aroma filled the air, and as he stepped back, a newfound respect for the quirky fruit blossomed in his feline heart.",text_a
338,"Instruction: Write a short story containing an animal and a fruit.

Output: Milo, the curious gray cat, darted across the kitchen floor, his eyes fixed on a bright red raspberry that rolled off the counter. With a playful swat, he sent the berry tumbling under the table, where it landed with a soft squish. Intrigued by the scent, he pounced on it, only to discover the sweet juice staining his paws. After a few messy licks, he decided that fruit wasn’t quite as thrilling as chasing shadows. With a bored huff, he curled up on the sunny windowsill, leaving the raspberry to its fate.","Instruction: Write a short story containing an animal and a fruit.

Output: Buster, a scruffy terrier with a nose for mischief, stumbled upon a bright yellow lemon rolling across the yard. Intrigued, he pounced and sent it skidding under the garden gate, where it landed in a patch of daisies. With a playful bark, Buster chased after it, the citrus scent igniting a spark of excitement. As he grabbed the lemon in his mouth, the tart juice burst forth, making him yelp and drop it in surprise. Satisfied with his adventure, Buster trotted back to his sunny spot, leaving the lemon to bask in the warmth of the afternoon sun.",text_a
339,"Instruction: Write a short story containing an animal and a fruit.

Output: On a bright summer afternoon, a curious golden retriever named Benny sniffed out something unusual in the garden—a ripe raspberry tucked beneath a sprawling bush. With a gentle nudge of his nose, he dislodged the plump fruit, sending it tumbling across the ground. Intrigued, Benny chased it, barking joyfully as it rolled and bounced along the soft grass. When he finally caught up, he gently picked it up, tilting his head in confusion at this unexpected treasure. To his delight, his owner appeared, laughing as she offered Benny a treat, but he proudly sat, presenting the raspberry as if it were the finest prize.","Instruction: Write a short story containing an animal and a fruit.

Output: Whiskers, the mischievous tabby, lounged lazily in the sunlit kitchen when a bright yellow lemon slid off the counter and rolled towards him. Intrigued, he pounced, sending the lemon bouncing across the tiled floor. With each playful swat, the citrus fruit emitted a zesty aroma, causing Whiskers to sneeze adorably as he chased it. Eventually, he cornered it beneath the pantry, only to discover he preferred his toys soft and furry. With a huff, he curled back into his sunny spot, dreaming of catnip instead of citrus.",text_a
341,"Instruction: Write a short story containing an animal and a fruit.

Output: In a quiet corner of the sun-drenched kitchen, Whiskers the cat sat perched on the windowsill, watching with keen eyes as a plump raspberry rolled off the counter. It wobbled and tumbled, coming to rest just in front of him, its crimson hue gleaming like a jewel. Curiosity piqued, Whiskers pawed at the berry, sending it skittering across the floor, where it left a tiny trail of juice. Delighted, he chased the sweet treat, oblivious to the kitchen’s chaos, until he finally caught it between his paws. With a playful nibble, he realized that sometimes, the simplest things—like a raspberry—could turn an ordinary afternoon into a grand adventure.","Instruction: Write a short story containing an animal and a fruit.

Output: On a sunny afternoon, a curious cat named Whiskers discovered a plump lemon rolling lazily across the garden. Captivated by its bright yellow hue, he pounced, sending the fruit skittering into a patch of daisies. With each swat, the citrus released a tangy aroma that filled the air, delighting both Whiskers and the nearby bumblebees. Suddenly, an adventurous bee buzzed too close, startling Whiskers and causing him to leap back with a surprised yowl. As the lemon came to rest at his paws, he plopped down, deciding it was the most intriguing toy he'd ever found.",text_a
342,"Instruction: Write a short story containing an animal and a fruit.

Output: Whiskers the cat lounged in the sun, lazily batting at a bright yellow lemon that had rolled off the kitchen counter. Intrigued by its zesty scent, he gave it a tentative sniff, then pounced, sending it skidding across the wooden floor. With each playful swipe, the lemon wobbled and danced, momentarily becoming a lively foe in his feline kingdom. Eventually, exhausted from his antics, Whiskers curled up beside the lemon, now a warm reminder of his afternoon adventure. As he drifted off to sleep, a tiny drop of lemon juice rolled off the fruit, landing softly on his nose, and he twitched in his dreams of citrus escapades.","Instruction: Write a short story containing an animal and a fruit.

Output: In a sunlit garden, a curious golden retriever named Buddy discovered a plump, ripe raspberry dangling from a bush. With a gentle nudge of his nose, he knocked it to the ground, watching it roll away with delight. Sensing a game, he chased after the berry, pouncing and tumbling in the soft grass. Eventually, he caught up to it, delicately picking it up in his mouth, but instead of eating it, he presented the tiny treasure to his owner with a proud wag of his tail. Together, they shared a laugh, as Buddy's first raspberry became the sweetest treat of all.",text_b
343,"Instruction: Write a short story containing an animal and a fruit.

Output: Baxter, the cheerful golden retriever, bounded through the garden, his nose twitching with excitement as he caught the tangy scent of ripe lemons. His owner, Claire, had left one on the ground, and with a mischievous glint in his eye, he picked it up and playfully tossed it in the air. The lemon rolled away, and Baxter chased after it, his paws clattering against the cobblestones, only to stop short when he realized it couldn’t fetch back. Curiously, he nudged it with his nose, causing a burst of yellow juice to splatter on his face, much to Claire's amusement. With a happy bark, Baxter decided that he loved lemons, even if they didn't fetch.","Instruction: Write a short story containing an animal and a fruit.

Output: Whiskers, the mischievous tabby, watched intently as the plump raspberry rolled off the kitchen counter, its ruby hue glistening in the sunlight. With a swift leap, he pounced, batting the berry across the floor like a tiny soccer ball. Each time the raspberry veered away, it taunted him, as if it had a mind of its own. Finally, with one triumphant swipe of his paw, he sent it sailing into his food bowl, claiming victory. Purring contentedly, Whiskers settled down for a nap, the sweet scent of fruity conquest lingering in the air.",text_b
344,"Instruction: Write a short story containing an animal and a fruit.

Output: Milo, the golden retriever, trotted happily around the garden, his nose twitching at the scent of fresh berries. His eyes brightened when he spotted a plump raspberry dangling from a low-hanging branch, shimmering like a jewel in the sunlight. With a playful leap, he snatched it up, but the sweet burst of flavor surprised him; he had never tasted anything quite like it before. Rushing back to his owner, he dropped the raspberry at her feet, looking up with eager eyes, as if to say, ""Can we have more of these?"" The two soon settled down on the porch, enjoying their sunny afternoon—she with a bowl of raspberries and he, content just to be by her side.","Instruction: Write a short story containing an animal and a fruit.

Output: Baxter, the cheerful golden retriever, bounded through the garden, his nose twitching with excitement as he caught the tangy scent of ripe lemons. His owner, Claire, had left one on the ground, and with a mischievous glint in his eye, he picked it up and playfully tossed it in the air. The lemon rolled away, and Baxter chased after it, his paws clattering against the cobblestones, only to stop short when he realized it couldn’t fetch back. Curiously, he nudged it with his nose, causing a burst of yellow juice to splatter on his face, much to Claire's amusement. With a happy bark, Baxter decided that he loved lemons, even if they didn't fetch.",text_b
345,"Instruction: Write a short story containing an animal and a fruit.

Output: Benny, the golden retriever, sniffed curiously at the bush in the backyard and unearthed a ripe raspberry nestled among the leaves. With a quick flick of his tongue, he devoured the berry, its sweetness bursting in his mouth like a tiny firework. After the unexpected treat, Benny raced around the yard, leaping and bounding as if the raspberry had given him superpowers. His owner, Mira, watched with a smile, enchanted by his goofy antics. From that day on, every summer afternoon was filled with Benny's joyful frolics, all sparked by a simple raspberry.","Instruction: Write a short story containing an animal and a fruit.

Output: Whiskers, the curious tabby cat, prowled through the garden, her emerald eyes scanning for any signs of mischief. Suddenly, she caught a glimpse of a plump raspberry gleaming in the sunlight, nestled among the leaves. With a swift pounce, she batted the berry, sending it rolling across the dirt, its vivid red hue contrasting against the earthy tones. Intrigued, Whiskers chased after it, only to discover that the tart scent invited her to nibble, leaving her with a bewildered look and a hesitant lick of the juice on her paw. From that day on, the raspberry became her secret treasure, signaling the start of many playful afternoons in the garden.",text_b
348,"Instruction: Write a short story containing an animal and a fruit.

Output: In a sunlit garden, a playful golden retriever named Charlie discovered a lone raspberry nestled among the leaves. With a gentle nudge of his nose, the plump berry tumbled to the ground, rolling away as if inviting a chase. Thrilled by the unexpected game, Charlie bounded after it, his tail wagging like a flag of joy. Just as he caught up and scooped it up with his mouth, his owner laughed, recalling how that very raspberry had been her first successful garden planting. With a contented sigh, Charlie plopped down, savoring the sweet morsel while basking in the warmth of love and sunlight.","Instruction: Write a short story containing an animal and a fruit.

Output: On a bright summer afternoon, Milo, a curious golden retriever, spotted a bright yellow lemon rolling across the yard. With a playful bark, he chased it, his tail wagging furiously as he caught the tangy treasure between his paws. Intrigued, he tilted his head and gave it a tentative lick, only to recoil at the sour surprise. Undeterred, he nudged it with his nose, sending it tumbling into the garden where it was promptly intercepted by a butterfly. As Milo watched the colorful creature dance around the lemon, he decided that sometimes, the joy of discovery was sweeter than any fruit.",text_b
349,"Instruction: Write a short story containing an animal and a fruit.

Output: In a sunlit garden, a curious golden retriever named Buddy discovered a plump, ripe raspberry dangling from a bush. With a gentle nudge of his nose, he knocked it to the ground, watching it roll away with delight. Sensing a game, he chased after the berry, pouncing and tumbling in the soft grass. Eventually, he caught up to it, delicately picking it up in his mouth, but instead of eating it, he presented the tiny treasure to his owner with a proud wag of his tail. Together, they shared a laugh, as Buddy's first raspberry became the sweetest treat of all.","Instruction: Write a short story containing an animal and a fruit.

Output: Whiskers, the curious tabby cat, prowled through the garden one sunny afternoon, her eyes gleaming with mischief. Spotting a plump, red raspberry nestled among the leaves, she swatted at it with her paw, sending it tumbling across the ground. Intrigued, she chased after the fruit, her tiny claws digging into the soft earth as she leapt and pounced. Finally, after several playful moments, she caught up to it and gingerly nudged it with her nose, only to watch in wide-eyed wonder as it squished beneath her weight, releasing a sweet and tangy aroma. With a satisfied flick of her tail, Whiskers trotted off, leaving behind a tiny, sticky mess and the promise of more adventures to come.",text_b
350,"Instruction: Write a short story containing an animal and a fruit.

Output: Whiskers, the curious tabby cat, spotted a glistening raspberry sitting atop the kitchen counter, its vibrant red hue calling to her like a forbidden gem. With a nimble leap, she landed beside the fruit, her whiskers twitching in anticipation. Just as she was about to bat it off the edge, her owner walked in, startling her into a playful pounce. The raspberry rolled away, escaping her grasp, and found its way under the table, where it lay in solitude. Whiskers sat, tail flicking, plotting her next move—the hunt was on, and nothing could distract her from her fruity prey.","Instruction: Write a short story containing an animal and a fruit.

Output: Buddy, the golden retriever, bounded through the garden, his nose twitching with excitement. Just as he stopped to sniff a patch of vibrant flowers, a plump, red raspberry rolled past his paw, glistening in the sunlight. With a swift flick of his tongue, he snatched it up, savoring the sweet burst of flavor. The garden seemed to come alive as he pranced around, raspberry juice dripping from his chin, a proud look in his eyes. In that moment, Buddy wasn’t just a dog; he was the king of the garden, ruling over his realm with a fruity crown.",text_a
351,"Instruction: Write a short story containing an animal and a fruit.

Output: Whiskers the cat prowled around the kitchen, her emerald eyes fixated on a bright yellow lemon perched on the countertop. With a swift leap, she knocked it off, watching in delight as it rolled across the floor. Intrigued, she batted it with her paw, only to recoil when the tangy scent filled the air. Deciding it was too sour for her liking, she settled down next to the fruit and let out a contented purr, claiming it as her new toy. From that day on, the lemon became an odd companion, a testament to Whiskers' curiosity and the simple joys of feline life.","Instruction: Write a short story containing an animal and a fruit.

Output: Baxter, a scruffy terrier with a nose for mischief, discovered a bright yellow lemon rolling across the sunlit backyard. Curiosity piqued, he pounced on it, sending it skittering under the garden bench. With a determined bark, he dug it out, only to find his owner laughing as he proudly presented his unconventional treasure. The sun glinted off the lemon, and Baxter wagged his tail, convinced he had just found the world's best toy. From that day on, the lemon became their favorite plaything, bringing endless joy and laughter to their days together.",text_b
353,"Instruction: Write a short story containing an animal and a fruit.

Output: On a sunny afternoon, Benny the golden retriever stumbled upon a bright yellow lemon rolling across the yard. Curiously, he nudged it with his nose, sending it spiraling into a patch of daisies. Intrigued by its sudden journey, he chased after it, his tail wagging furiously. As he caught up, he happily pounced on the lemon, only to reel back in surprise at its tart scent. With a confused woof, he decided it was best to stick to his favorite tennis ball instead.","Instruction: Write a short story containing an animal and a fruit.

Output: Whiskers the cat crouched low beside the raspberry bush, his tail twitching with anticipation. A single, plump raspberry dangled enticingly from a branch, glistening in the afternoon sun. With a swift leap, he knocked it to the ground, watching it roll away with wide, curious eyes. To his surprise, a tiny creature scuttled out from under the leaves, chasing after the berry with a squeak of delight. Whiskers, intrigued, decided to follow the unlikely duo, embarking on an unexpected adventure filled with laughter and newfound friendship.",text_b
354,"Instruction: Write a short story containing an animal and a fruit.

Output: Whiskers the cat prowled around the kitchen, her emerald eyes fixated on a bright yellow lemon perched on the countertop. With a swift leap, she knocked it off, watching in delight as it rolled across the floor. Intrigued, she batted it with her paw, only to recoil when the tangy scent filled the air. Deciding it was too sour for her liking, she settled down next to the fruit and let out a contented purr, claiming it as her new toy. From that day on, the lemon became an odd companion, a testament to Whiskers' curiosity and the simple joys of feline life.","Instruction: Write a short story containing an animal and a fruit.

Output: Milo, the curious gray cat, darted across the kitchen floor, his eyes fixed on a bright red raspberry that rolled off the counter. With a playful swat, he sent the berry tumbling under the table, where it landed with a soft squish. Intrigued by the scent, he pounced on it, only to discover the sweet juice staining his paws. After a few messy licks, he decided that fruit wasn’t quite as thrilling as chasing shadows. With a bored huff, he curled up on the sunny windowsill, leaving the raspberry to its fate.",text_b
355,"Instruction: Write a short story containing an animal and a fruit.

Output: On a sunny afternoon, a curious golden retriever named Benny discovered a bright yellow lemon rolling across the yard. With a playful bark, he pounced on it, his tail wagging furiously as he clamped his mouth around the tart fruit. To his surprise, the sour taste made him scrunch up his face, causing his owner, Lily, to burst into laughter. Undeterred, Benny dropped the lemon and nudged it toward her, inviting her to join in his playful game. From that day on, every time Lily brought out the lemon, Benny would wag his tail, ready for a fun chase.","Instruction: Write a short story containing an animal and a fruit.

Output: Whiskers the cat, with his glossy fur and mischievous eyes, prowled the kitchen in search of adventure. One sunny afternoon, he stumbled upon a plump lemon resting on the counter, its vibrant yellow skin catching his gaze. Intrigued, he batted it with a paw, sending it rolling across the floor, where it became an unexpected target for his playful antics. As he pounced and danced around the lemon, he imagined it was a lively creature, taunting him with its zesty charm. Finally, with a triumphant leap, he caught it in his claws, only to discover that sometimes, the most delightful treasures were simply meant to be enjoyed from a distance.",text_a
357,"Instruction: Write a short story containing an animal and a fruit.

Output: Whiskers, the mischievous tabby, watched intently as the plump raspberry rolled off the kitchen counter, its ruby hue glistening in the sunlight. With a swift leap, he pounced, batting the berry across the floor like a tiny soccer ball. Each time the raspberry veered away, it taunted him, as if it had a mind of its own. Finally, with one triumphant swipe of his paw, he sent it sailing into his food bowl, claiming victory. Purring contentedly, Whiskers settled down for a nap, the sweet scent of fruity conquest lingering in the air.","Instruction: Write a short story containing an animal and a fruit.

Output: Benny, a curious golden retriever, sniffed the air and trotted towards the berry patch in his backyard. He spotted a plump raspberry glistening under the afternoon sun and, unable to resist, plucked it from its stem with a gentle nip. As he rolled the sweet fruit around in his mouth, an unexpected burst of flavor made him leap with joy. For the rest of the day, Benny flitted between the garden and the kitchen, hoping to find more delicious treasures. Little did he know, his owner had baked a raspberry pie, and Benny’s newfound obsession would lead to a delightful afternoon of shared treats.",text_a
358,"Instruction: Write a short story containing an animal and a fruit.

Output: Whiskers the cat lounged lazily in the warm sunbeam that spilled onto the kitchen floor, eyeing the vibrant lemon that had rolled off the countertop. With a playful leap, he pounced, sending the citrus fruit skidding across the tiles. Intrigued by its bright color and zesty scent, Whiskers sniffed and batted at the lemon, only to be startled when it rolled under the fridge. Pouting slightly at the loss of his newfound toy, he curled up and decided that maybe napping was a better use of his time. As the sun began to set, he dreamt of tangy adventures and the sound of laughter from the kitchen above.","Instruction: Write a short story containing an animal and a fruit.

Output: Whiskers, the curious tabby, prowled through the garden when she spotted a glistening red raspberry nestled among the leaves. Intrigued, she batted it with her paw, sending it rolling across the dewy grass. The little fruit wobbled, making a sound that made her perk up her ears. In a spirited leap, she pounced, only to find herself tumbling head over paws, the raspberry escaping unscathed. As she regained her footing, Whiskers watched it roll into the sun, deciding that perhaps some things were better left uneaten.",text_b
360,"Instruction: Write a short story containing an animal and a fruit.

Output: In a sunny backyard, a curious golden retriever named Charlie discovered a bright yellow lemon that had rolled from the picnic table. Intrigued, he nudged it with his nose, only to watch it bounce away like a playful ball. As he chased it across the grass, Charlie couldn't help but bark excitedly, while the lemon rolled into a patch of daisies. When he finally caught up, he proudly picked it up, only to be met with a bewildered look from his owner, who laughed at the sight. From that day on, Charlie and his new citrus friend became inseparable, bringing joyful chaos to every sunny afternoon.","Instruction: Write a short story containing an animal and a fruit.

Output: Whiskers the cat was lounging in a sunbeam when a bright, plump lemon rolled off the kitchen counter and landed right beside him. Curious, he gave it a gentle pawing, watching it wobble precariously before coming to a stop. Intrigued by this strange, yellow orb, he began to bat it playfully, imagining it was a mouse. Suddenly, the lemon burst open, its tangy scent filling the air, and Whiskers leaped back in surprise, his whiskers twitching. As he cautiously approached the citrus explosion, he realized that some surprises were worth the risk of a little sour—after all, adventure was just a paw’s swipe away.",text_a
363,"Instruction: Write a short story containing an animal and a fruit.

Output: In the midst of summer, a furry tabby named Whiskers lounged on the windowsill, basking in the sun's warm glow. One day, a plump raspberry rolled off the kitchen counter, escaping the baker's careless grip as she measured out her ingredients. Intrigued by the vibrant red fruit, Whiskers leaped down and batted it playfully across the floor, its juicy sweetness leaving a trail of crimson on his paws. Suddenly, he found himself licking the residue, his taste buds awakening in delight. From that day on, every time the baker made her famous tarts, Whiskers patiently waited by the counter, dreaming of more raspberry adventures.","Instruction: Write a short story containing an animal and a fruit.

Output: Luna, the curious cat, sat perched on the sunny windowsill, her emerald eyes fixated on a bright yellow lemon rolling across the kitchen counter. With a swift paw swipe, she sent the lemon tumbling to the floor, where it landed with a soft thud. Intrigued by its zesty scent, Luna cautiously approached, giving it a tentative nuzzle. Just then, her owner entered and, chuckling at the sight, picked up the lemon, offering it to Luna like a rare treasure. Undeterred, Luna flicked her tail and turned to chase a sunbeam instead, leaving the lemon to rest in its citrusy solitude.",text_a
365,"Instruction: Write a short story containing an animal and a fruit.

Output: Luna the cat prowled through the garden, her emerald eyes sparkling with mischief. Spotting a ripe raspberry glistening in the sunlight, she pounced, batting it playfully with her paw. The tiny fruit rolled away, teasing her to chase it across the soft grass. After a few swift leaps, she finally caught it between her paws but froze, realizing that perhaps chasing was more fun than eating. With a satisfied flick of her tail, she let the raspberry roll away again, ready for another round of playful pursuit.","Instruction: Write a short story containing an animal and a fruit.

Output: In a sunny backyard, a curious golden retriever named Jake discovered a bright yellow lemon lying beneath the tree. Intrigued by its vibrant color and unusual scent, he nudged it with his nose, sending it rolling across the grass. As he chased after it, Jake stumbled onto a patch of daisies, sending petals flying into the air like confetti. With a triumphant bark, he pounced on the lemon, but instead of a satisfying chew, he recoiled from the sour surprise that burst between his teeth. After a moment of contemplation, he decided that chasing daisies was far more enjoyable than battling the bitter fruit.",text_a
368,"Instruction: Write a short story containing an animal and a fruit.

Output: On a sunny afternoon, Whiskers the cat spotted a bright red raspberry nestled among the garden's green leaves. With a playful pounce, he knocked it loose, watching it roll away like a little ruby on the grass. Intrigued, he chased after it, his paws dancing across the ground, but just as he caught up, a gentle breeze sent the raspberry tumbling into a patch of clover. Whiskers paused, tilting his head, then plopped down beside it, surrendering to the simple joy of the moment. Sometimes, he thought, the best treasures are the ones you never truly catch.","Instruction: Write a short story containing an animal and a fruit.

Output: In the sunny backyard, a golden retriever named Buddy discovered a bright yellow lemon nestled among the grass. Curious, he pawed at it, sending it rolling across the yard, and then chased after it with joyous barks. Each time he caught up, he playfully nudged it with his nose, only to watch it escape again. Suddenly, a curious neighbor poked his head over the fence, laughing at Buddy’s antics and offering him a slice of lemon to taste. With a comical scrunch of his nose, Buddy decided that chasing the lemon was far more fun than eating it.",text_a
369,"Instruction: Write a short story containing an animal and a fruit.

Output: In a quiet corner of the sun-drenched kitchen, Whiskers the cat sat perched on the windowsill, watching with keen eyes as a plump raspberry rolled off the counter. It wobbled and tumbled, coming to rest just in front of him, its crimson hue gleaming like a jewel. Curiosity piqued, Whiskers pawed at the berry, sending it skittering across the floor, where it left a tiny trail of juice. Delighted, he chased the sweet treat, oblivious to the kitchen’s chaos, until he finally caught it between his paws. With a playful nibble, he realized that sometimes, the simplest things—like a raspberry—could turn an ordinary afternoon into a grand adventure.","Instruction: Write a short story containing an animal and a fruit.

Output: In a sunlit backyard, Charlie the dog frolicked among the daisies, his tail wagging like a little flag. Suddenly, he spotted a bright yellow object rolling across the grass—an abandoned lemon from the picnic table. Intrigued, Charlie pounced on it, his nose crinkling at the sour scent, but he couldn't resist the playful chase it inspired. With a joyful bark, he began to toss the lemon in the air, its zesty aroma filling the air as he spun in circles. As the sun dipped below the horizon, Charlie lay contentedly among the daisies, the lemon forgotten but the joy of play forever etched in his heart.",text_a
370,"Instruction: Write a short story containing an animal and a fruit.

Output: In the midst of summer, a furry tabby named Whiskers lounged on the windowsill, basking in the sun's warm glow. One day, a plump raspberry rolled off the kitchen counter, escaping the baker's careless grip as she measured out her ingredients. Intrigued by the vibrant red fruit, Whiskers leaped down and batted it playfully across the floor, its juicy sweetness leaving a trail of crimson on his paws. Suddenly, he found himself licking the residue, his taste buds awakening in delight. From that day on, every time the baker made her famous tarts, Whiskers patiently waited by the counter, dreaming of more raspberry adventures.","Instruction: Write a short story containing an animal and a fruit.

Output: Benny the golden retriever bounded through the garden, his nose twitching at the sweet scent of ripe fruit. Spotting a plump raspberry nestled among the leaves, he scooped it up in his mouth, only to find it burst with juice, staining his fur a cheerful red. As he trotted back to his owner, the little girl giggled and pointed at her goofy dog, declaring him a “raspberry prince.” In his simple, joyful way, Benny seemed to bask in the royal title, wagging his tail with pride. From that day on, the garden became their kingdom, filled with laughter and the delightful chaos of a dog who loved fruit.",text_a
371,"Instruction: Write a short story containing an animal and a fruit.

Output: In the midst of summer, a furry tabby named Whiskers lounged on the windowsill, basking in the sun's warm glow. One day, a plump raspberry rolled off the kitchen counter, escaping the baker's careless grip as she measured out her ingredients. Intrigued by the vibrant red fruit, Whiskers leaped down and batted it playfully across the floor, its juicy sweetness leaving a trail of crimson on his paws. Suddenly, he found himself licking the residue, his taste buds awakening in delight. From that day on, every time the baker made her famous tarts, Whiskers patiently waited by the counter, dreaming of more raspberry adventures.","Instruction: Write a short story containing an animal and a fruit.

Output: In a sunlit garden, a playful golden retriever named Charlie discovered a lone raspberry nestled among the leaves. With a gentle nudge of his nose, the plump berry tumbled to the ground, rolling away as if inviting a chase. Thrilled by the unexpected game, Charlie bounded after it, his tail wagging like a flag of joy. Just as he caught up and scooped it up with his mouth, his owner laughed, recalling how that very raspberry had been her first successful garden planting. With a contented sigh, Charlie plopped down, savoring the sweet morsel while basking in the warmth of love and sunlight.",text_a
372,"Instruction: Write a short story containing an animal and a fruit.

Output: Baxter the golden retriever trotted through the sunlit garden, his nose twitching as he caught a whiff of something sweet. His eyes landed on a plump raspberry, glistening with morning dew, nestled among the green leaves. Curious, he nudged it gently with his snout, sending it tumbling across the soil. With a playful bark, he pounced after it, his tail wagging in joy, only to realize he had created a delicious mess. Content, Baxter plopped down in the sunshine, savoring both the taste of the berry juice on his nose and the simple pleasure of a warm summer day.","Instruction: Write a short story containing an animal and a fruit.

Output: On a bright summer afternoon, Milo, a curious golden retriever, spotted a bright yellow lemon rolling across the yard. With a playful bark, he chased it, his tail wagging furiously as he caught the tangy treasure between his paws. Intrigued, he tilted his head and gave it a tentative lick, only to recoil at the sour surprise. Undeterred, he nudged it with his nose, sending it tumbling into the garden where it was promptly intercepted by a butterfly. As Milo watched the colorful creature dance around the lemon, he decided that sometimes, the joy of discovery was sweeter than any fruit.",text_b
373,"Instruction: Write a short story containing an animal and a fruit.

Output: Baxter, the scruffy terrier, had never tasted a lemon before. One sunny afternoon, he discovered a half-squished lemon lying on the porch, its citrus scent tantalizing his curious nose. With a playful bound, he pounced on it, rolling it across the floor with his paws, completely unaware of the tangy surprise it held. When he finally took a brave nibble, his face scrunched up in bewilderment, prompting a series of comical barks that echoed through the yard. From that day on, Baxter's adventures included finding more fruits to taste, but nothing could quite compare to that first, zesty encounter with the lemon.","Instruction: Write a short story containing an animal and a fruit.

Output: On a bright summer afternoon, a curious golden retriever named Benny sniffed out something unusual in the garden—a ripe raspberry tucked beneath a sprawling bush. With a gentle nudge of his nose, he dislodged the plump fruit, sending it tumbling across the ground. Intrigued, Benny chased it, barking joyfully as it rolled and bounced along the soft grass. When he finally caught up, he gently picked it up, tilting his head in confusion at this unexpected treasure. To his delight, his owner appeared, laughing as she offered Benny a treat, but he proudly sat, presenting the raspberry as if it were the finest prize.",text_a
374,"Instruction: Write a short story containing an animal and a fruit.

Output: Whiskers, a sleek gray cat with mismatched eyes, sat perched on the kitchen counter, her gaze fixed intently on a bright yellow lemon rolling to and fro on the cutting board. With a playful pounce, she sent the lemon tumbling to the floor, where it bounced with a curious wobble. Intrigued, she bat at it again, her paws dancing around the citrus orb as it rolled under the table. Just as Whiskers dove to catch her prize, her owner entered, laughing at the sight of the unexpected feline-lemon showdown. With a triumphant chirp, Whiskers fetched her prize back to the surface, only to abandon it for a sunbeam, the lemon left to its quiet, lonely shine.","Instruction: Write a short story containing an animal and a fruit.

Output: In a sunlit garden, Charlie the golden retriever discovered a plump, ripe raspberry hidden among the leaves. Curiosity stirred, he nudged it with his nose, watching as it rolled free and tumbled across the grass. With a playful bark, he pounced, his paws sending it flying into the air. As it landed with a soft splat, Charlie licked his lips, savoring the sweet burst of flavor. From that day on, every raspberry season brought a new adventure for Charlie, the garden explorer on a fruity quest.",text_b
375,"Instruction: Write a short story containing an animal and a fruit.

Output: Milo, the curious gray cat, darted across the kitchen floor, his eyes fixed on a bright red raspberry that rolled off the counter. With a playful swat, he sent the berry tumbling under the table, where it landed with a soft squish. Intrigued by the scent, he pounced on it, only to discover the sweet juice staining his paws. After a few messy licks, he decided that fruit wasn’t quite as thrilling as chasing shadows. With a bored huff, he curled up on the sunny windowsill, leaving the raspberry to its fate.","Instruction: Write a short story containing an animal and a fruit.

Output: Baxter, the golden retriever, had always been curious about the strange yellow fruit that rolled off the kitchen counter. One sunny afternoon, he nudged the lemon with his nose, watching in fascination as it tumbled across the floor. With a playful bark, he pounced, catching it in his mouth, only to be startled by its sharp tang. After a cautious taste, he decided the lemon was not to his liking and dropped it, where it landed near his owner, who laughed and picked it up. From that day on, whenever the scent of citrus filled the air, Baxter would wag his tail in anticipation—not for the fruit, but for the fun that usually followed.",text_a
376,"Instruction: Write a short story containing an animal and a fruit.

Output: Whiskers the cat lounged in the sun, lazily batting at a bright yellow lemon that had rolled off the kitchen counter. Intrigued by its zesty scent, he gave it a tentative sniff, then pounced, sending it skidding across the wooden floor. With each playful swipe, the lemon wobbled and danced, momentarily becoming a lively foe in his feline kingdom. Eventually, exhausted from his antics, Whiskers curled up beside the lemon, now a warm reminder of his afternoon adventure. As he drifted off to sleep, a tiny drop of lemon juice rolled off the fruit, landing softly on his nose, and he twitched in his dreams of citrus escapades.","Instruction: Write a short story containing an animal and a fruit.

Output: Whiskers, the curious tabby cat, spotted a glistening raspberry sitting atop the kitchen counter, its vibrant red hue calling to her like a forbidden gem. With a nimble leap, she landed beside the fruit, her whiskers twitching in anticipation. Just as she was about to bat it off the edge, her owner walked in, startling her into a playful pounce. The raspberry rolled away, escaping her grasp, and found its way under the table, where it lay in solitude. Whiskers sat, tail flicking, plotting her next move—the hunt was on, and nothing could distract her from her fruity prey.",text_b
377,"Instruction: Write a short story containing an animal and a fruit.

Output: Sophie the cat lounged lazily in the sun, her emerald eyes half-closed as she watched a ripe lemon roll across the patio. Intrigued by its vibrant yellow hue, she pounced, batting it with her paw until it tumbled off the edge and landed with a soft thud on the grass. As she cautiously approached, the tangy scent wafted up, and she wrinkled her nose in surprise. Determined to conquer this strange intruder, she swatted it again, only to find herself backpedaling as the lemon rolled away. With a disgruntled flick of her tail, Sophie decided that perhaps conquering the wild world wasn't worth the trouble of citrus tang.","Instruction: Write a short story containing an animal and a fruit.

Output: Whiskers the cat prowled through the garden, her emerald eyes glinting with curiosity. Spotting a vibrant raspberry nestled among the leaves, she snatched it up, intrigued by its plumpness and hue. With a playful flick of her paw, she rolled it across the grass, chasing it like a tiny, fragrant prey. As the berry squished under her weight, its sweet scent filled the air, drawing a puzzled glance from her human, who watched from the patio. In that moment, Whiskers decided that the raspberry was no ordinary fruit; it was her prized trophy, and she would defend it against all odds.",text_b
378,"Instruction: Write a short story containing an animal and a fruit.

Output: Baxter, the curious golden retriever, discovered a vibrant raspberry hidden among the bramble in the garden. With a playful wag of his tail, he nudged the berry with his nose, sending it tumbling down the slope. Intrigued, he trotted after it, snapping it up just as it rolled to a stop. To his surprise, the burst of sweet-tart flavor exploded in his mouth, making him wag his tail even harder. From that day forward, Baxter made it his mission to find and savor every raspberry in the garden, one delightful nibble at a time.","Instruction: Write a short story containing an animal and a fruit.

Output: On a sunny afternoon, Benny the golden retriever stumbled upon a bright yellow lemon rolling across the yard. Curiously, he nudged it with his nose, sending it spiraling into a patch of daisies. Intrigued by its sudden journey, he chased after it, his tail wagging furiously. As he caught up, he happily pounced on the lemon, only to reel back in surprise at its tart scent. With a confused woof, he decided it was best to stick to his favorite tennis ball instead.",text_b
380,"Instruction: Write a short story containing an animal and a fruit.

Output: Luna the cat prowled through the garden, her emerald eyes sparkling with mischief. Spotting a ripe raspberry glistening in the sunlight, she pounced, batting it playfully with her paw. The tiny fruit rolled away, teasing her to chase it across the soft grass. After a few swift leaps, she finally caught it between her paws but froze, realizing that perhaps chasing was more fun than eating. With a satisfied flick of her tail, she let the raspberry roll away again, ready for another round of playful pursuit.","Instruction: Write a short story containing an animal and a fruit.

Output: On a bright summer afternoon, Milo, a curious golden retriever, spotted a bright yellow lemon rolling across the yard. With a playful bark, he chased it, his tail wagging furiously as he caught the tangy treasure between his paws. Intrigued, he tilted his head and gave it a tentative lick, only to recoil at the sour surprise. Undeterred, he nudged it with his nose, sending it tumbling into the garden where it was promptly intercepted by a butterfly. As Milo watched the colorful creature dance around the lemon, he decided that sometimes, the joy of discovery was sweeter than any fruit.",text_a
381,"Instruction: Write a short story containing an animal and a fruit.

Output: Whiskers the cat lounged lazily in the afternoon sun, his gaze fixed on a bright yellow lemon that rolled slowly across the garden path. Curiosity piqued, he pounced, sending the citrus fruit bouncing into a patch of wildflowers. Intrigued by its zesty scent, he batted it playfully, only to find his paw slipping on the smooth surface, sending him tumbling backward into a rose bush. Dizzy but undeterred, Whiskers emerged with a petal crown and a newfound respect for lemons. From that day on, he kept a watchful eye on the sunny fruit, knowing adventure lurked in unexpected places.","Instruction: Write a short story containing an animal and a fruit.

Output: Whiskers, the curious cat, spotted a glistening raspberry nestled among the vibrant green leaves of the garden. Intrigued, she pawed gently at the plump fruit, causing it to roll and bounce playfully across the ground. With a swift leap, she chased it, her tail flicking in delight, until it came to a stop near a sunbeam. As she settled to catch her breath, Whiskers found herself captivated not just by the berry, but by the golden light that danced around her. In that serene moment, she realized that sometimes, the sweetest treasures are found in the simplest of pleasures.",text_b
382,"Instruction: Write a short story containing an animal and a fruit.

Output: On a warm afternoon, a curious cat named Whiskers discovered a bright yellow lemon lying in the garden. Intrigued by its color and scent, he batted at it playfully, sending it rolling across the grass. As the lemon came to a stop by the flowerbed, Whiskers pounced, only to be met with a sour surprise that made him recoil in confusion. Shaking his head and licking his paws, he decided that perhaps chasing butterflies was a better way to spend the day. With one last puzzled glance at the lemon, he pranced off, leaving the citrus fruit to sit in the sun.","Instruction: Write a short story containing an animal and a fruit.

Output: Baxter, a scruffy terrier with a nose for mischief, discovered a bright yellow lemon rolling across the sunlit backyard. Curiosity piqued, he pounced on it, sending it skittering under the garden bench. With a determined bark, he dug it out, only to find his owner laughing as he proudly presented his unconventional treasure. The sun glinted off the lemon, and Baxter wagged his tail, convinced he had just found the world's best toy. From that day on, the lemon became their favorite plaything, bringing endless joy and laughter to their days together.",text_b
383,"Instruction: Write a short story containing an animal and a fruit.

Output: On a sunny afternoon, a curious cat named Whiskers discovered a plump lemon rolling lazily across the garden. Captivated by its bright yellow hue, he pounced, sending the fruit skittering into a patch of daisies. With each swat, the citrus released a tangy aroma that filled the air, delighting both Whiskers and the nearby bumblebees. Suddenly, an adventurous bee buzzed too close, startling Whiskers and causing him to leap back with a surprised yowl. As the lemon came to rest at his paws, he plopped down, deciding it was the most intriguing toy he'd ever found.","Instruction: Write a short story containing an animal and a fruit.

Output: Buddy, the golden retriever, bounded through the garden, his nose twitching with excitement. Just as he stopped to sniff a patch of vibrant flowers, a plump, red raspberry rolled past his paw, glistening in the sunlight. With a swift flick of his tongue, he snatched it up, savoring the sweet burst of flavor. The garden seemed to come alive as he pranced around, raspberry juice dripping from his chin, a proud look in his eyes. In that moment, Buddy wasn’t just a dog; he was the king of the garden, ruling over his realm with a fruity crown.",text_b
385,"Instruction: Write a short story containing an animal and a fruit.

Output: Benny, the golden retriever, sniffed curiously at the bush in the backyard and unearthed a ripe raspberry nestled among the leaves. With a quick flick of his tongue, he devoured the berry, its sweetness bursting in his mouth like a tiny firework. After the unexpected treat, Benny raced around the yard, leaping and bounding as if the raspberry had given him superpowers. His owner, Mira, watched with a smile, enchanted by his goofy antics. From that day on, every summer afternoon was filled with Benny's joyful frolics, all sparked by a simple raspberry.","Instruction: Write a short story containing an animal and a fruit.

Output: Baxter, the golden retriever, trotted happily through the sunny park, a bright yellow lemon clutched in his mouth. He had spotted it rolling away from a picnic blanket and thought it must be a new toy. Curious onlookers giggled as he playfully dropped it, only to chase it down again, his tail wagging furiously. With each joyous pounce, the sour scent filled the air, causing his canine friends to sniff with bewilderment. In the end, Baxter decided he'd had enough fun and pranced away, leaving the perplexed lemon behind, as if it were a puzzle only he could understand.",text_b
386,"Instruction: Write a short story containing an animal and a fruit.

Output: Baxter, the golden retriever, had always been curious about the fruit tree in the backyard, especially the shiny yellow lemons that hung like little suns. One sunny afternoon, while his owner was distracted, he snatched one from the ground and tossed it in the air, thinking it was the best toy ever. The lemon burst open upon impact, releasing a zesty aroma that made Baxter's nose twitch in confusion. With a puzzled bark, he gave the remnants a cautious lick, only to recoil in surprise at the sour taste. Deciding it wasn’t a plaything after all, he trotted back to his owner, hoping for a treat that was decidedly less tangy.","Instruction: Write a short story containing an animal and a fruit.

Output: In a sunlit kitchen, a curious cat named Whiskers spotted a bright red raspberry sitting atop the countertop. With a swift leap, he knocked it to the floor, where it rolled enticingly, leaving a trail of juice in its wake. Whiskers chased it across the tiles, pouncing and batting at it with gleeful abandon. Just as he was about to take a triumphant bite, his owner walked in, laughter erupting at the sight of the esteemed feline caught in a berry battle. Defeated yet amused, Whiskers settled for a scratch behind the ears, the raspberry forgotten but the joy of the chase lingering in his heart.",text_b
388,"Instruction: Write a short story containing an animal and a fruit.

Output: Whiskers the cat crouched low beside the raspberry bush, his tail twitching with anticipation. A single, plump raspberry dangled enticingly from a branch, glistening in the afternoon sun. With a swift leap, he knocked it to the ground, watching it roll away with wide, curious eyes. To his surprise, a tiny creature scuttled out from under the leaves, chasing after the berry with a squeak of delight. Whiskers, intrigued, decided to follow the unlikely duo, embarking on an unexpected adventure filled with laughter and newfound friendship.","Instruction: Write a short story containing an animal and a fruit.

Output: Whiskers, the mischievous tabby, lounged lazily in the sunlit kitchen when a bright yellow lemon slid off the counter and rolled towards him. Intrigued, he pounced, sending the lemon bouncing across the tiled floor. With each playful swat, the citrus fruit emitted a zesty aroma, causing Whiskers to sneeze adorably as he chased it. Eventually, he cornered it beneath the pantry, only to discover he preferred his toys soft and furry. With a huff, he curled back into his sunny spot, dreaming of catnip instead of citrus.",text_a
389,"Instruction: Write a short story containing an animal and a fruit.

Output: Whiskers the cat lounged lazily in the afternoon sun, dreaming of adventures, when a sudden gust of wind sent a bright yellow lemon rolling across the porch. Intrigued, she pounced, batting the citrus fruit with her paw, sending it tumbling into the flower bed. The lemon's zest burst forth, flooding the air with a tangy aroma that made Whiskers pause. With a flick of her tail and a dash of curiosity, she took a tentative lick, her eyes widening at the unexpected burst of flavor. From that day on, the lemon became her favorite toy, a zesty companion in her sun-soaked escapades.","Instruction: Write a short story containing an animal and a fruit.

Output: Whiskers the cat prowled through the garden, her emerald eyes glinting with curiosity. Spotting a vibrant raspberry nestled among the leaves, she snatched it up, intrigued by its plumpness and hue. With a playful flick of her paw, she rolled it across the grass, chasing it like a tiny, fragrant prey. As the berry squished under her weight, its sweet scent filled the air, drawing a puzzled glance from her human, who watched from the patio. In that moment, Whiskers decided that the raspberry was no ordinary fruit; it was her prized trophy, and she would defend it against all odds.",text_b
391,"Instruction: Write a short story containing an animal and a fruit.

Output: Whiskers, the curious tabby cat, prowled through the garden one sunny afternoon, her eyes gleaming with mischief. Spotting a plump, red raspberry nestled among the leaves, she swatted at it with her paw, sending it tumbling across the ground. Intrigued, she chased after the fruit, her tiny claws digging into the soft earth as she leapt and pounced. Finally, after several playful moments, she caught up to it and gingerly nudged it with her nose, only to watch in wide-eyed wonder as it squished beneath her weight, releasing a sweet and tangy aroma. With a satisfied flick of her tail, Whiskers trotted off, leaving behind a tiny, sticky mess and the promise of more adventures to come.","Instruction: Write a short story containing an animal and a fruit.

Output: Whiskers the cat was lounging in a sunbeam when a bright, plump lemon rolled off the kitchen counter and landed right beside him. Curious, he gave it a gentle pawing, watching it wobble precariously before coming to a stop. Intrigued by this strange, yellow orb, he began to bat it playfully, imagining it was a mouse. Suddenly, the lemon burst open, its tangy scent filling the air, and Whiskers leaped back in surprise, his whiskers twitching. As he cautiously approached the citrus explosion, he realized that some surprises were worth the risk of a little sour—after all, adventure was just a paw’s swipe away.",text_a
392,"Instruction: Write a short story containing an animal and a fruit.

Output: In a sunlit garden, a playful golden retriever named Charlie discovered a lone raspberry nestled among the leaves. With a gentle nudge of his nose, the plump berry tumbled to the ground, rolling away as if inviting a chase. Thrilled by the unexpected game, Charlie bounded after it, his tail wagging like a flag of joy. Just as he caught up and scooped it up with his mouth, his owner laughed, recalling how that very raspberry had been her first successful garden planting. With a contented sigh, Charlie plopped down, savoring the sweet morsel while basking in the warmth of love and sunlight.","Instruction: Write a short story containing an animal and a fruit.

Output: Luna, the curious cat, sat perched on the sunny windowsill, her emerald eyes fixated on a bright yellow lemon rolling across the kitchen counter. With a swift paw swipe, she sent the lemon tumbling to the floor, where it landed with a soft thud. Intrigued by its zesty scent, Luna cautiously approached, giving it a tentative nuzzle. Just then, her owner entered and, chuckling at the sight, picked up the lemon, offering it to Luna like a rare treasure. Undeterred, Luna flicked her tail and turned to chase a sunbeam instead, leaving the lemon to rest in its citrusy solitude.",text_a
393,"Instruction: Write a short story containing an animal and a fruit.

Output: In a sunny garden, Bella the golden retriever discovered a bright yellow lemon rolling across the grass. Curious, she nudged it with her nose, sending it into a wild spin that made her bark in delight. As she chased the zesty fruit, it slipped into a patch of clovers, and Bella dug her paws into the soft earth, unearthing a hidden treasure of playful butterflies instead. Captivated, she forgot about the lemon, happily bounding after her new fluttery friends. Sometimes, the sweetest adventures are found where you least expect them.","Instruction: Write a short story containing an animal and a fruit.

Output: Baxter the dog sniffed eagerly around the garden, his nose twitching with excitement. Suddenly, he spotted a plump raspberry nestled among the leaves, glistening like a jewel in the sun. With a quick pounce, he snatched it up, the tart juice bursting in his mouth, sending him into a happy spin. His owner laughed, watching as Baxter pranced around, convinced he had just discovered the greatest treasure of all. In that moment, the garden felt like a vast kingdom, and the raspberry, a crown jewel that only a brave dog like Baxter could claim.",text_a
394,"Instruction: Write a short story containing an animal and a fruit.

Output: Whiskers the cat lounged lazily on the windowsill, eyeing the vibrant lemon resting on the kitchen counter. Intrigued by its bright yellow hue, he leaped down and cautiously approached, his whiskers twitching with curiosity. With a gentle paw, he nudged the lemon, sending it rolling to the floor with a comical thud. In an instant, it split open, releasing a tangy aroma that made Whiskers wrinkle his nose in surprise. As he backed away, he decided that maybe some mysteries were better left unsolved, and he returned to his sunny perch, dreaming of fish instead.","Instruction: Write a short story containing an animal and a fruit.

Output: Whiskers, the curious orange tabby, prowled through the garden, his nose twitching at the sweet scent of ripe raspberries. Spotting a plump berry nestled among the thorny branches, he pounced, only to tumble head over paws into a patch of soft grass. Dazed but undeterred, he batted the berry with his paw, sending it rolling across the ground. Captivated, he chased after it, delighted as it made a mess of his whiskers and a bright red stain on his fur. As the sun set, Whiskers lay sprawled in the grass, satisfied, with his newfound treasure resting beside him like a trophy of his playful adventure.",text_b
396,"Instruction: Write a short story containing an animal and a fruit.

Output: Whiskers the cat prowled around the kitchen, her emerald eyes fixated on a bright yellow lemon perched on the countertop. With a swift leap, she knocked it off, watching in delight as it rolled across the floor. Intrigued, she batted it with her paw, only to recoil when the tangy scent filled the air. Deciding it was too sour for her liking, she settled down next to the fruit and let out a contented purr, claiming it as her new toy. From that day on, the lemon became an odd companion, a testament to Whiskers' curiosity and the simple joys of feline life.","Instruction: Write a short story containing an animal and a fruit.

Output: In a sunlit kitchen, a curious cat named Whiskers spotted a plump raspberry rolling off the counter. With a playful leap, he pounced on the berry, batting it across the floor as if it were a mouse. Intrigued by its bright color, he paused, sniffing the air filled with a sweet, tangy scent. Suddenly, the raspberry split under his paw, sending juice splattering everywhere and creating an accidental masterpiece on the tiles. With a satisfied flick of his tail, Whiskers licked his paw clean, declaring the day a delicious success.",text_b
398,"Instruction: Write a short story containing an animal and a fruit.

Output: In a sunlit kitchen, a curious cat named Whiskers spotted a plump raspberry rolling off the counter. With a playful leap, he pounced on the berry, batting it across the floor as if it were a mouse. Intrigued by its bright color, he paused, sniffing the air filled with a sweet, tangy scent. Suddenly, the raspberry split under his paw, sending juice splattering everywhere and creating an accidental masterpiece on the tiles. With a satisfied flick of his tail, Whiskers licked his paw clean, declaring the day a delicious success.","Instruction: Write a short story containing an animal and a fruit.

Output: Benny, a spirited golden retriever, bounded through the garden, his nose twitching at the sweet scent of summer. As he nosed around the raspberry bush, he stumbled upon a plump, red berry, glistening in the sunlight. With a playful wag of his tail, he nudged the berry, sending it rolling across the grass. Benny pounced after it, his heart racing with joy, and in a triumphant leap, he caught it mid-air, his mouth painting a silly grin of juice. Satisfied with his prize, he settled down under a shady tree, savoring the taste of summer with each delicious bite.",text_a
400,"Instruction: Write a short story containing an animal and a fruit.

Output: In the midst of summer, a furry tabby named Whiskers lounged on the windowsill, basking in the sun's warm glow. One day, a plump raspberry rolled off the kitchen counter, escaping the baker's careless grip as she measured out her ingredients. Intrigued by the vibrant red fruit, Whiskers leaped down and batted it playfully across the floor, its juicy sweetness leaving a trail of crimson on his paws. Suddenly, he found himself licking the residue, his taste buds awakening in delight. From that day on, every time the baker made her famous tarts, Whiskers patiently waited by the counter, dreaming of more raspberry adventures.","Instruction: Write a short story containing an animal and a fruit.

Output: Baxter, the cheerful golden retriever, bounded through the garden, his nose twitching with excitement as he caught the tangy scent of ripe lemons. His owner, Claire, had left one on the ground, and with a mischievous glint in his eye, he picked it up and playfully tossed it in the air. The lemon rolled away, and Baxter chased after it, his paws clattering against the cobblestones, only to stop short when he realized it couldn’t fetch back. Curiously, he nudged it with his nose, causing a burst of yellow juice to splatter on his face, much to Claire's amusement. With a happy bark, Baxter decided that he loved lemons, even if they didn't fetch.",text_a
401,"Instruction: Write a short story containing an animal and a fruit.

Output: Whiskers the cat lounged lazily in the warm sunbeam that spilled onto the kitchen floor, eyeing the vibrant lemon that had rolled off the countertop. With a playful leap, he pounced, sending the citrus fruit skidding across the tiles. Intrigued by its bright color and zesty scent, Whiskers sniffed and batted at the lemon, only to be startled when it rolled under the fridge. Pouting slightly at the loss of his newfound toy, he curled up and decided that maybe napping was a better use of his time. As the sun began to set, he dreamt of tangy adventures and the sound of laughter from the kitchen above.","Instruction: Write a short story containing an animal and a fruit.

Output: In a sun-drenched garden, a curious dog named Finn stumbled upon a plump, ripe raspberry hanging from a low bush. Intrigued by its vibrant color, he sniffed it and wagged his tail, convinced it was a new kind of toy. With a quick swipe of his paw, he sent the berry flying, watching it bounce and roll across the grass. Just as he pounced to catch it, his playful leap sent him tumbling into a patch of daisies, a comical explosion of petals surrounding him. Finn emerged, joyful and slightly dazed, with a raspberry squished beneath his paw, reminding him that sometimes life's simplest pleasures come with a little mess.",text_b
403,"Instruction: Write a short story containing an animal and a fruit.

Output: In a sunny garden, Bella the golden retriever discovered a bright yellow lemon rolling across the grass. Curious, she nudged it with her nose, sending it into a wild spin that made her bark in delight. As she chased the zesty fruit, it slipped into a patch of clovers, and Bella dug her paws into the soft earth, unearthing a hidden treasure of playful butterflies instead. Captivated, she forgot about the lemon, happily bounding after her new fluttery friends. Sometimes, the sweetest adventures are found where you least expect them.","Instruction: Write a short story containing an animal and a fruit.

Output: In the sun-drenched garden, a mischievous golden retriever named Benny stumbled upon a plump, ripe raspberry nestled among the thorny bushes. Curiosity piqued, he sniffed the bright red fruit and, seeing no one around, gently picked it up with his mouth. With a playful wag of his tail, he bounded back to his owner, who was sipping lemonade on the porch. Just as he dropped the berry at her feet, a startled squirrel darted by, causing Benny to leap in surprise, sending the raspberry tumbling into the air. As they both watched it fall, the sweet treat landed perfectly on Benny's nose, and in that moment, they both burst into laughter—owners and pets alike finding joy in a simple day.",text_a
404,"Instruction: Write a short story containing an animal and a fruit.

Output: In a sunlit garden, a playful golden retriever named Charlie discovered a lone raspberry nestled among the leaves. With a gentle nudge of his nose, the plump berry tumbled to the ground, rolling away as if inviting a chase. Thrilled by the unexpected game, Charlie bounded after it, his tail wagging like a flag of joy. Just as he caught up and scooped it up with his mouth, his owner laughed, recalling how that very raspberry had been her first successful garden planting. With a contented sigh, Charlie plopped down, savoring the sweet morsel while basking in the warmth of love and sunlight.","Instruction: Write a short story containing an animal and a fruit.

Output: Whiskers, the mischievous tabby, lounged lazily in the sunlit kitchen when a bright yellow lemon slid off the counter and rolled towards him. Intrigued, he pounced, sending the lemon bouncing across the tiled floor. With each playful swat, the citrus fruit emitted a zesty aroma, causing Whiskers to sneeze adorably as he chased it. Eventually, he cornered it beneath the pantry, only to discover he preferred his toys soft and furry. With a huff, he curled back into his sunny spot, dreaming of catnip instead of citrus.",text_a
406,"Instruction: Write a short story containing an animal and a fruit.

Output: Baxter, the scruffy terrier, had never tasted a lemon before. One sunny afternoon, he discovered a half-squished lemon lying on the porch, its citrus scent tantalizing his curious nose. With a playful bound, he pounced on it, rolling it across the floor with his paws, completely unaware of the tangy surprise it held. When he finally took a brave nibble, his face scrunched up in bewilderment, prompting a series of comical barks that echoed through the yard. From that day on, Baxter's adventures included finding more fruits to taste, but nothing could quite compare to that first, zesty encounter with the lemon.","Instruction: Write a short story containing an animal and a fruit.

Output: In a sunlit garden, Charlie the golden retriever discovered a plump, ripe raspberry hidden among the leaves. Curiosity stirred, he nudged it with his nose, watching as it rolled free and tumbled across the grass. With a playful bark, he pounced, his paws sending it flying into the air. As it landed with a soft splat, Charlie licked his lips, savoring the sweet burst of flavor. From that day on, every raspberry season brought a new adventure for Charlie, the garden explorer on a fruity quest.",text_a
407,"Instruction: Write a short story containing an animal and a fruit.

Output: Baxter, a mischievous golden retriever, caught a whiff of something tangy wafting from the kitchen. With a wag of his tail and a bound, he dashed inside to find a lemon rolling off the countertop. Curiosity piqued, he nudged it with his nose, sending it tumbling across the floor. As he chased it, the bright, zesty scent filled the air, and with one triumphant bite, he discovered that this citrus fruit wasn’t meant for playful pups. He promptly looked up at his owner, his face twisted in confusion, as if to say, “What’s so special about this sour ball?”","Instruction: Write a short story containing an animal and a fruit.

Output: Whiskers, the mischievous tabby cat, found a bright lemon rolling off the kitchen counter and pounced on it with delight. Intrigued by its smooth, yellow surface, he swatted it across the floor, watching it bounce with every tap. Just as he got ready for one final pounce, the lemon burst open, releasing its tangy scent and startling him into a playful leap. Confused but intrigued, Whiskers began to bat at the pieces, treating them as treasures from a hidden garden. From that day on, the lemon became his favorite companion, a vibrant reminder that adventure could be found in the most unexpected places.",text_a
408,"Instruction: Write a short story containing an animal and a fruit.

Output: On a warm afternoon, Luna, a curious gray cat, spotted a plump raspberry nestled among the garden's wildflowers. Intrigued, she approached with her tail high, batting at the shiny red fruit as it rolled slightly across the grass. With a playful pounce, she captured the raspberry between her paws, but just as she went to take a bite, a butterfly flitted by, distracting her completely. The raspberry wobbled free, rolling away, and Luna took off in pursuit of the new, fluttering prize. By the time she returned to the spot, the raspberry was gone, but Luna didn’t mind; the garden was full of new adventures waiting to unfold.","Instruction: Write a short story containing an animal and a fruit.

Output: Whiskers, the mischievous tabby, perched on the kitchen counter, his amber eyes wide with curiosity. Beneath his paw lay a bright yellow lemon, gleaming like a tiny sun. With a swift swipe, he sent it rolling across the floor, the citrus fruit bouncing in unpredictable directions. Intrigued by the chase, Whiskers pounced and skidded to a halt, surprised as the lemon squished under his weight. The zesty aroma filled the air, and as he stepped back, a newfound respect for the quirky fruit blossomed in his feline heart.",text_a
409,"Instruction: Write a short story containing an animal and a fruit.

Output: In a sunlit kitchen, a curious cat named Whiskers spotted a plump raspberry rolling off the counter. With a playful leap, he pounced on the berry, batting it across the floor as if it were a mouse. Intrigued by its bright color, he paused, sniffing the air filled with a sweet, tangy scent. Suddenly, the raspberry split under his paw, sending juice splattering everywhere and creating an accidental masterpiece on the tiles. With a satisfied flick of his tail, Whiskers licked his paw clean, declaring the day a delicious success.","Instruction: Write a short story containing an animal and a fruit.

Output: Whiskers the cat lounged lazily on the windowsill, eyeing the vibrant lemon resting on the kitchen counter. Intrigued by its bright yellow hue, he leaped down and cautiously approached, his whiskers twitching with curiosity. With a gentle paw, he nudged the lemon, sending it rolling to the floor with a comical thud. In an instant, it split open, releasing a tangy aroma that made Whiskers wrinkle his nose in surprise. As he backed away, he decided that maybe some mysteries were better left unsolved, and he returned to his sunny perch, dreaming of fish instead.",text_a
411,"Instruction: Write a short story containing an animal and a fruit.

Output: In a sunlit kitchen, a curious cat named Whiskers spotted a bright red raspberry sitting atop the countertop. With a swift leap, he knocked it to the floor, where it rolled enticingly, leaving a trail of juice in its wake. Whiskers chased it across the tiles, pouncing and batting at it with gleeful abandon. Just as he was about to take a triumphant bite, his owner walked in, laughter erupting at the sight of the esteemed feline caught in a berry battle. Defeated yet amused, Whiskers settled for a scratch behind the ears, the raspberry forgotten but the joy of the chase lingering in his heart.","Instruction: Write a short story containing an animal and a fruit.

Output: Whiskers, the mischievous tabby cat, found a bright lemon rolling off the kitchen counter and pounced on it with delight. Intrigued by its smooth, yellow surface, he swatted it across the floor, watching it bounce with every tap. Just as he got ready for one final pounce, the lemon burst open, releasing its tangy scent and startling him into a playful leap. Confused but intrigued, Whiskers began to bat at the pieces, treating them as treasures from a hidden garden. From that day on, the lemon became his favorite companion, a vibrant reminder that adventure could be found in the most unexpected places.",text_a
413,"Instruction: Write a short story containing an animal and a fruit.

Output: Whiskers the cat lounged in the sun, lazily batting at a bright yellow lemon that had rolled off the kitchen counter. Intrigued by its zesty scent, he gave it a tentative sniff, then pounced, sending it skidding across the wooden floor. With each playful swipe, the lemon wobbled and danced, momentarily becoming a lively foe in his feline kingdom. Eventually, exhausted from his antics, Whiskers curled up beside the lemon, now a warm reminder of his afternoon adventure. As he drifted off to sleep, a tiny drop of lemon juice rolled off the fruit, landing softly on his nose, and he twitched in his dreams of citrus escapades.","Instruction: Write a short story containing an animal and a fruit.

Output: Buster, a scruffy terrier with a nose for mischief, stumbled upon a bright yellow lemon rolling across the yard. Intrigued, he pounced and sent it skidding under the garden gate, where it landed in a patch of daisies. With a playful bark, Buster chased after it, the citrus scent igniting a spark of excitement. As he grabbed the lemon in his mouth, the tart juice burst forth, making him yelp and drop it in surprise. Satisfied with his adventure, Buster trotted back to his sunny spot, leaving the lemon to bask in the warmth of the afternoon sun.",text_b
414,"Instruction: Write a short story containing an animal and a fruit.

Output: Milo, the curious gray cat, darted across the kitchen floor, his eyes fixed on a bright red raspberry that rolled off the counter. With a playful swat, he sent the berry tumbling under the table, where it landed with a soft squish. Intrigued by the scent, he pounced on it, only to discover the sweet juice staining his paws. After a few messy licks, he decided that fruit wasn’t quite as thrilling as chasing shadows. With a bored huff, he curled up on the sunny windowsill, leaving the raspberry to its fate.","Instruction: Write a short story containing an animal and a fruit.

Output: Baxter, the cheerful golden retriever, bounded through the garden, his nose twitching with excitement as he caught the tangy scent of ripe lemons. His owner, Claire, had left one on the ground, and with a mischievous glint in his eye, he picked it up and playfully tossed it in the air. The lemon rolled away, and Baxter chased after it, his paws clattering against the cobblestones, only to stop short when he realized it couldn’t fetch back. Curiously, he nudged it with his nose, causing a burst of yellow juice to splatter on his face, much to Claire's amusement. With a happy bark, Baxter decided that he loved lemons, even if they didn't fetch.",text_a
415,"Instruction: Write a short story containing an animal and a fruit.

Output: Sophie the cat lounged lazily in the sun, her emerald eyes half-closed as she watched a ripe lemon roll across the patio. Intrigued by its vibrant yellow hue, she pounced, batting it with her paw until it tumbled off the edge and landed with a soft thud on the grass. As she cautiously approached, the tangy scent wafted up, and she wrinkled her nose in surprise. Determined to conquer this strange intruder, she swatted it again, only to find herself backpedaling as the lemon rolled away. With a disgruntled flick of her tail, Sophie decided that perhaps conquering the wild world wasn't worth the trouble of citrus tang.","Instruction: Write a short story containing an animal and a fruit.

Output: Benny the golden retriever bounded through the garden, his nose twitching at the sweet scent of ripe fruit. Spotting a plump raspberry nestled among the leaves, he scooped it up in his mouth, only to find it burst with juice, staining his fur a cheerful red. As he trotted back to his owner, the little girl giggled and pointed at her goofy dog, declaring him a “raspberry prince.” In his simple, joyful way, Benny seemed to bask in the royal title, wagging his tail with pride. From that day on, the garden became their kingdom, filled with laughter and the delightful chaos of a dog who loved fruit.",text_b
416,"Instruction: Write a short story containing an animal and a fruit.

Output: Whiskers, the curious tabby cat, spotted a glistening raspberry sitting atop the kitchen counter, its vibrant red hue calling to her like a forbidden gem. With a nimble leap, she landed beside the fruit, her whiskers twitching in anticipation. Just as she was about to bat it off the edge, her owner walked in, startling her into a playful pounce. The raspberry rolled away, escaping her grasp, and found its way under the table, where it lay in solitude. Whiskers sat, tail flicking, plotting her next move—the hunt was on, and nothing could distract her from her fruity prey.","Instruction: Write a short story containing an animal and a fruit.

Output: In a sunlit backyard, Charlie the dog frolicked among the daisies, his tail wagging like a little flag. Suddenly, he spotted a bright yellow object rolling across the grass—an abandoned lemon from the picnic table. Intrigued, Charlie pounced on it, his nose crinkling at the sour scent, but he couldn't resist the playful chase it inspired. With a joyful bark, he began to toss the lemon in the air, its zesty aroma filling the air as he spun in circles. As the sun dipped below the horizon, Charlie lay contentedly among the daisies, the lemon forgotten but the joy of play forever etched in his heart.",text_a
419,"Instruction: Write a short story containing an animal and a fruit.

Output: Whiskers the cat lounged lazily on the sun-warmed windowsill, his emerald eyes fixated on a bright yellow lemon that had rolled off the kitchen counter. Intrigued, he leapt down and batted the citrus fruit with his paw, sending it skidding across the floor. To his surprise, the lemon released a tangy scent that made him sneeze, startling him into a playful frenzy. He pounced and chased it until it finally came to a stop, resting at the feet of his owner, who chuckled at the sight. From that day on, the lemon became Whiskers’ most entertaining toy, a zesty companion for his afternoon antics.","Instruction: Write a short story containing an animal and a fruit.

Output: Baxter, the scruffy terrier, pranced through the garden, his nose twitching at the sweet scent of ripe fruit. Spotting a plump raspberry nestled among the leaves, he snatched it up with a playful determination, believing it to be the treasure of the day. As he joyfully bounced back to his owner, the juicy fruit slipped from his mouth, landing on the ground with a splat. Instead of sulking, Baxter dove after it, delighted by the new adventure of chasing the rolling raspberry. In that moment, he realized that sometimes the joy isn’t just in the treasure itself, but in the fun of the chase.",text_b
420,"Instruction: Write a short story containing an animal and a fruit.

Output: Baxter the golden retriever trotted through the sunlit garden, his nose twitching as he caught a whiff of something sweet. His eyes landed on a plump raspberry, glistening with morning dew, nestled among the green leaves. Curious, he nudged it gently with his snout, sending it tumbling across the soil. With a playful bark, he pounced after it, his tail wagging in joy, only to realize he had created a delicious mess. Content, Baxter plopped down in the sunshine, savoring both the taste of the berry juice on his nose and the simple pleasure of a warm summer day.","Instruction: Write a short story containing an animal and a fruit.

Output: Whiskers, the curious orange tabby, prowled through the garden, his nose twitching at the sweet scent of ripe raspberries. Spotting a plump berry nestled among the thorny branches, he pounced, only to tumble head over paws into a patch of soft grass. Dazed but undeterred, he batted the berry with his paw, sending it rolling across the ground. Captivated, he chased after it, delighted as it made a mess of his whiskers and a bright red stain on his fur. As the sun set, Whiskers lay sprawled in the grass, satisfied, with his newfound treasure resting beside him like a trophy of his playful adventure.",text_b
421,"Instruction: Write a short story containing an animal and a fruit.

Output: Luna the cat prowled through the garden, her emerald eyes sparkling with mischief. Spotting a ripe raspberry glistening in the sunlight, she pounced, batting it playfully with her paw. The tiny fruit rolled away, teasing her to chase it across the soft grass. After a few swift leaps, she finally caught it between her paws but froze, realizing that perhaps chasing was more fun than eating. With a satisfied flick of her tail, she let the raspberry roll away again, ready for another round of playful pursuit.","Instruction: Write a short story containing an animal and a fruit.

Output: Baxter, a scruffy terrier with a nose for mischief, discovered a bright yellow lemon rolling across the sunlit backyard. Curiosity piqued, he pounced on it, sending it skittering under the garden bench. With a determined bark, he dug it out, only to find his owner laughing as he proudly presented his unconventional treasure. The sun glinted off the lemon, and Baxter wagged his tail, convinced he had just found the world's best toy. From that day on, the lemon became their favorite plaything, bringing endless joy and laughter to their days together.",text_a
422,"Instruction: Write a short story containing an animal and a fruit.

Output: In the midst of summer, a furry tabby named Whiskers lounged on the windowsill, basking in the sun's warm glow. One day, a plump raspberry rolled off the kitchen counter, escaping the baker's careless grip as she measured out her ingredients. Intrigued by the vibrant red fruit, Whiskers leaped down and batted it playfully across the floor, its juicy sweetness leaving a trail of crimson on his paws. Suddenly, he found himself licking the residue, his taste buds awakening in delight. From that day on, every time the baker made her famous tarts, Whiskers patiently waited by the counter, dreaming of more raspberry adventures.","Instruction: Write a short story containing an animal and a fruit.

Output: Baxter, the golden retriever, watched intently as Lucy sliced a bright yellow lemon in the kitchen, the citrus aroma filling the air. Curious, he trotted over, his tail wagging with anticipation, but recoiled as Lucy's laughter echoed through the room at his puzzled expression. With a swift toss, she rolled the lemon across the floor, and Baxter pounced, the tangy scent igniting a playful spark in him. He pushed the lemon with his nose, sending it squeaking across the tiles, before he finally took a brave lick, his face scrunching in surprise at the sour taste. Once he realized it was just a game, he barked joyfully, running in circles around the lemon, proving that even the sourest surprises can lead to the sweetest fun.",text_a
425,"Instruction: Write a short story containing an animal and a fruit.

Output: Baxter the dog sniffed eagerly around the garden, his nose twitching with excitement. Suddenly, he spotted a plump raspberry nestled among the leaves, glistening like a jewel in the sun. With a quick pounce, he snatched it up, the tart juice bursting in his mouth, sending him into a happy spin. His owner laughed, watching as Baxter pranced around, convinced he had just discovered the greatest treasure of all. In that moment, the garden felt like a vast kingdom, and the raspberry, a crown jewel that only a brave dog like Baxter could claim.","Instruction: Write a short story containing an animal and a fruit.

Output: Baxter, the playful golden retriever, spotted a bright yellow lemon rolling down the sidewalk. With a curious tilt of his head, he pounced on it, sending it bouncing into the grass. The tangy scent intrigued him, and he began to nuzzle it with his nose, making it roll even further. Just as he was about to take a playful bite, his owner called out, laughter bubbling up, ""Baxter, that’s not a ball!"" Realizing it wasn’t meant for chewing, Baxter gave the lemon one last nudge before trotting off in search of a real toy.",text_b
427,"Instruction: Write a short story containing an animal and a fruit.

Output: Whiskers the cat lounged lazily on the windowsill, eyeing the vibrant lemon resting on the kitchen counter. Intrigued by its bright yellow hue, he leaped down and cautiously approached, his whiskers twitching with curiosity. With a gentle paw, he nudged the lemon, sending it rolling to the floor with a comical thud. In an instant, it split open, releasing a tangy aroma that made Whiskers wrinkle his nose in surprise. As he backed away, he decided that maybe some mysteries were better left unsolved, and he returned to his sunny perch, dreaming of fish instead.","Instruction: Write a short story containing an animal and a fruit.

Output: Whiskers, the curious cat, spotted a glistening raspberry nestled among the vibrant green leaves of the garden. Intrigued, she pawed gently at the plump fruit, causing it to roll and bounce playfully across the ground. With a swift leap, she chased it, her tail flicking in delight, until it came to a stop near a sunbeam. As she settled to catch her breath, Whiskers found herself captivated not just by the berry, but by the golden light that danced around her. In that serene moment, she realized that sometimes, the sweetest treasures are found in the simplest of pleasures.",text_b
429,"Instruction: Write a short story containing an animal and a fruit.

Output: Whiskers, the mischievous tabby, watched intently as the plump raspberry rolled off the kitchen counter, its ruby hue glistening in the sunlight. With a swift leap, he pounced, batting the berry across the floor like a tiny soccer ball. Each time the raspberry veered away, it taunted him, as if it had a mind of its own. Finally, with one triumphant swipe of his paw, he sent it sailing into his food bowl, claiming victory. Purring contentedly, Whiskers settled down for a nap, the sweet scent of fruity conquest lingering in the air.","Instruction: Write a short story containing an animal and a fruit.

Output: In a sunlit backyard, Charlie the dog frolicked among the daisies, his tail wagging like a little flag. Suddenly, he spotted a bright yellow object rolling across the grass—an abandoned lemon from the picnic table. Intrigued, Charlie pounced on it, his nose crinkling at the sour scent, but he couldn't resist the playful chase it inspired. With a joyful bark, he began to toss the lemon in the air, its zesty aroma filling the air as he spun in circles. As the sun dipped below the horizon, Charlie lay contentedly among the daisies, the lemon forgotten but the joy of play forever etched in his heart.",text_a
430,"Instruction: Write a short story containing an animal and a fruit.

Output: In a quiet corner of the sun-drenched kitchen, Whiskers the cat sat perched on the windowsill, watching with keen eyes as a plump raspberry rolled off the counter. It wobbled and tumbled, coming to rest just in front of him, its crimson hue gleaming like a jewel. Curiosity piqued, Whiskers pawed at the berry, sending it skittering across the floor, where it left a tiny trail of juice. Delighted, he chased the sweet treat, oblivious to the kitchen’s chaos, until he finally caught it between his paws. With a playful nibble, he realized that sometimes, the simplest things—like a raspberry—could turn an ordinary afternoon into a grand adventure.","Instruction: Write a short story containing an animal and a fruit.

Output: Whiskers, the mischievous tabby cat, found a bright lemon rolling off the kitchen counter and pounced on it with delight. Intrigued by its smooth, yellow surface, he swatted it across the floor, watching it bounce with every tap. Just as he got ready for one final pounce, the lemon burst open, releasing its tangy scent and startling him into a playful leap. Confused but intrigued, Whiskers began to bat at the pieces, treating them as treasures from a hidden garden. From that day on, the lemon became his favorite companion, a vibrant reminder that adventure could be found in the most unexpected places.",text_a
431,"Instruction: Write a short story containing an animal and a fruit.

Output: Baxter, the cheerful golden retriever, trotted through the sunlit garden, his eyes fixed on the bright yellow lemon that had fallen from the tree. Curiosity piqued, he nudged the citrus with his nose, sending it rolling across the grass. With a playful bark, he chased after it, delighting in the way it slipped and spun. Just as he pounced, the lemon burst open, releasing a tangy scent that made him stop in his tracks and sneeze. Confused but still wagging his tail, Baxter decided that maybe chasing balls was more his style.","Instruction: Write a short story containing an animal and a fruit.

Output: In the sun-drenched garden, a mischievous golden retriever named Benny stumbled upon a plump, ripe raspberry nestled among the thorny bushes. Curiosity piqued, he sniffed the bright red fruit and, seeing no one around, gently picked it up with his mouth. With a playful wag of his tail, he bounded back to his owner, who was sipping lemonade on the porch. Just as he dropped the berry at her feet, a startled squirrel darted by, causing Benny to leap in surprise, sending the raspberry tumbling into the air. As they both watched it fall, the sweet treat landed perfectly on Benny's nose, and in that moment, they both burst into laughter—owners and pets alike finding joy in a simple day.",text_a
433,"Instruction: Write a short story containing an animal and a fruit.

Output: Whiskers, a sleek gray cat with mismatched eyes, sat perched on the kitchen counter, her gaze fixed intently on a bright yellow lemon rolling to and fro on the cutting board. With a playful pounce, she sent the lemon tumbling to the floor, where it bounced with a curious wobble. Intrigued, she bat at it again, her paws dancing around the citrus orb as it rolled under the table. Just as Whiskers dove to catch her prize, her owner entered, laughing at the sight of the unexpected feline-lemon showdown. With a triumphant chirp, Whiskers fetched her prize back to the surface, only to abandon it for a sunbeam, the lemon left to its quiet, lonely shine.","Instruction: Write a short story containing an animal and a fruit.

Output: Whiskers, the curious tabby cat, spotted a glistening raspberry sitting atop the kitchen counter, its vibrant red hue calling to her like a forbidden gem. With a nimble leap, she landed beside the fruit, her whiskers twitching in anticipation. Just as she was about to bat it off the edge, her owner walked in, startling her into a playful pounce. The raspberry rolled away, escaping her grasp, and found its way under the table, where it lay in solitude. Whiskers sat, tail flicking, plotting her next move—the hunt was on, and nothing could distract her from her fruity prey.",text_b
435,"Instruction: Write a short story containing an animal and a fruit.

Output: Whiskers the cat prowled around the kitchen, her emerald eyes fixated on a bright yellow lemon perched on the countertop. With a swift leap, she knocked it off, watching in delight as it rolled across the floor. Intrigued, she batted it with her paw, only to recoil when the tangy scent filled the air. Deciding it was too sour for her liking, she settled down next to the fruit and let out a contented purr, claiming it as her new toy. From that day on, the lemon became an odd companion, a testament to Whiskers' curiosity and the simple joys of feline life.","Instruction: Write a short story containing an animal and a fruit.

Output: In a sunny garden, Bella the golden retriever discovered a bright yellow lemon rolling across the grass. Curious, she nudged it with her nose, sending it into a wild spin that made her bark in delight. As she chased the zesty fruit, it slipped into a patch of clovers, and Bella dug her paws into the soft earth, unearthing a hidden treasure of playful butterflies instead. Captivated, she forgot about the lemon, happily bounding after her new fluttery friends. Sometimes, the sweetest adventures are found where you least expect them.",text_b
436,"Instruction: Write a short story containing an animal and a fruit.

Output: Whiskers the cat lounged lazily in the warm sunbeam that spilled onto the kitchen floor, eyeing the vibrant lemon that had rolled off the countertop. With a playful leap, he pounced, sending the citrus fruit skidding across the tiles. Intrigued by its bright color and zesty scent, Whiskers sniffed and batted at the lemon, only to be startled when it rolled under the fridge. Pouting slightly at the loss of his newfound toy, he curled up and decided that maybe napping was a better use of his time. As the sun began to set, he dreamt of tangy adventures and the sound of laughter from the kitchen above.","Instruction: Write a short story containing an animal and a fruit.

Output: Benny, a golden retriever with boundless energy, sprinted through the garden, nose raised to the air, following an enticing scent. His keen senses led him to a vibrant patch of raspberry bushes, their plump, red fruits glistening in the afternoon sun. With a playful leap, he snatched one ripe raspberry off the lowest branch, savoring its sweet-tart flavor with an excited wag of his tail. Just then, his owner, Clara, stepped outside, laughing as she watched her beloved dog relish his unexpected treat. From that day on, Benny became the self-appointed guardian of the raspberry patch, always ready to taste the summer's bounty.",text_b
437,"Instruction: Write a short story containing an animal and a fruit.

Output: Whiskers the cat lounged in the sun, lazily batting at a bright yellow lemon that had rolled off the kitchen counter. Intrigued by its zesty scent, he gave it a tentative sniff, then pounced, sending it skidding across the wooden floor. With each playful swipe, the lemon wobbled and danced, momentarily becoming a lively foe in his feline kingdom. Eventually, exhausted from his antics, Whiskers curled up beside the lemon, now a warm reminder of his afternoon adventure. As he drifted off to sleep, a tiny drop of lemon juice rolled off the fruit, landing softly on his nose, and he twitched in his dreams of citrus escapades.","Instruction: Write a short story containing an animal and a fruit.

Output: Baxter, a mischievous golden retriever, caught a whiff of something tangy wafting from the kitchen. With a wag of his tail and a bound, he dashed inside to find a lemon rolling off the countertop. Curiosity piqued, he nudged it with his nose, sending it tumbling across the floor. As he chased it, the bright, zesty scent filled the air, and with one triumphant bite, he discovered that this citrus fruit wasn’t meant for playful pups. He promptly looked up at his owner, his face twisted in confusion, as if to say, “What’s so special about this sour ball?”",text_b
438,"Instruction: Write a short story containing an animal and a fruit.

Output: In a sunny garden, Bella the golden retriever discovered a bright yellow lemon rolling across the grass. Curious, she nudged it with her nose, sending it into a wild spin that made her bark in delight. As she chased the zesty fruit, it slipped into a patch of clovers, and Bella dug her paws into the soft earth, unearthing a hidden treasure of playful butterflies instead. Captivated, she forgot about the lemon, happily bounding after her new fluttery friends. Sometimes, the sweetest adventures are found where you least expect them.","Instruction: Write a short story containing an animal and a fruit.

Output: Whiskers, the curious tabby, lounged lazily on the kitchen counter when a bright yellow lemon rolled off the edge and bounced onto the floor. Intrigued, he swatted at it with his paw, sending it skidding across the tiles. As the lemon came to a stop, it emitted a refreshing citrus scent that tickled his nose, prompting a playful pounce. In his excitement, he knocked it against the wall, watching it wobble before settling back down, as if teasing him to play. With a contented chirrup, Whiskers curled up next to his newfound toy, dreaming of sunny orchards and the mysteries of the world beyond the window.",text_a
439,"Instruction: Write a short story containing an animal and a fruit.

Output: Baxter, the cheerful golden retriever, trotted through the sunlit garden, his eyes fixed on the bright yellow lemon that had fallen from the tree. Curiosity piqued, he nudged the citrus with his nose, sending it rolling across the grass. With a playful bark, he chased after it, delighting in the way it slipped and spun. Just as he pounced, the lemon burst open, releasing a tangy scent that made him stop in his tracks and sneeze. Confused but still wagging his tail, Baxter decided that maybe chasing balls was more his style.","Instruction: Write a short story containing an animal and a fruit.

Output: Benny, a spirited golden retriever, bounded through the garden, his nose twitching at the sweet scent of summer. As he nosed around the raspberry bush, he stumbled upon a plump, red berry, glistening in the sunlight. With a playful wag of his tail, he nudged the berry, sending it rolling across the grass. Benny pounced after it, his heart racing with joy, and in a triumphant leap, he caught it mid-air, his mouth painting a silly grin of juice. Satisfied with his prize, he settled down under a shady tree, savoring the taste of summer with each delicious bite.",text_a
440,"Instruction: Write a short story containing an animal and a fruit.

Output: Milo, the golden retriever, trotted happily around the garden, his nose twitching at the scent of fresh berries. His eyes brightened when he spotted a plump raspberry dangling from a low-hanging branch, shimmering like a jewel in the sunlight. With a playful leap, he snatched it up, but the sweet burst of flavor surprised him; he had never tasted anything quite like it before. Rushing back to his owner, he dropped the raspberry at her feet, looking up with eager eyes, as if to say, ""Can we have more of these?"" The two soon settled down on the porch, enjoying their sunny afternoon—she with a bowl of raspberries and he, content just to be by her side.","Instruction: Write a short story containing an animal and a fruit.

Output: Baxter, the golden retriever, watched intently as Lucy sliced a bright yellow lemon in the kitchen, the citrus aroma filling the air. Curious, he trotted over, his tail wagging with anticipation, but recoiled as Lucy's laughter echoed through the room at his puzzled expression. With a swift toss, she rolled the lemon across the floor, and Baxter pounced, the tangy scent igniting a playful spark in him. He pushed the lemon with his nose, sending it squeaking across the tiles, before he finally took a brave lick, his face scrunching in surprise at the sour taste. Once he realized it was just a game, he barked joyfully, running in circles around the lemon, proving that even the sourest surprises can lead to the sweetest fun.",text_b
441,"Instruction: Write a short story containing an animal and a fruit.

Output: Whiskers, the curious tabby cat, prowled through the garden one sunny afternoon, her eyes gleaming with mischief. Spotting a plump, red raspberry nestled among the leaves, she swatted at it with her paw, sending it tumbling across the ground. Intrigued, she chased after the fruit, her tiny claws digging into the soft earth as she leapt and pounced. Finally, after several playful moments, she caught up to it and gingerly nudged it with her nose, only to watch in wide-eyed wonder as it squished beneath her weight, releasing a sweet and tangy aroma. With a satisfied flick of her tail, Whiskers trotted off, leaving behind a tiny, sticky mess and the promise of more adventures to come.","Instruction: Write a short story containing an animal and a fruit.

Output: Whiskers, the mischievous tabby cat, found a bright lemon rolling off the kitchen counter and pounced on it with delight. Intrigued by its smooth, yellow surface, he swatted it across the floor, watching it bounce with every tap. Just as he got ready for one final pounce, the lemon burst open, releasing its tangy scent and startling him into a playful leap. Confused but intrigued, Whiskers began to bat at the pieces, treating them as treasures from a hidden garden. From that day on, the lemon became his favorite companion, a vibrant reminder that adventure could be found in the most unexpected places.",text_a
442,"Instruction: Write a short story containing an animal and a fruit.

Output: Whiskers the cat crouched low beside the raspberry bush, his tail twitching with anticipation. A single, plump raspberry dangled enticingly from a branch, glistening in the afternoon sun. With a swift leap, he knocked it to the ground, watching it roll away with wide, curious eyes. To his surprise, a tiny creature scuttled out from under the leaves, chasing after the berry with a squeak of delight. Whiskers, intrigued, decided to follow the unlikely duo, embarking on an unexpected adventure filled with laughter and newfound friendship.","Instruction: Write a short story containing an animal and a fruit.

Output: Benny, a curious golden retriever, sniffed the air and trotted towards the berry patch in his backyard. He spotted a plump raspberry glistening under the afternoon sun and, unable to resist, plucked it from its stem with a gentle nip. As he rolled the sweet fruit around in his mouth, an unexpected burst of flavor made him leap with joy. For the rest of the day, Benny flitted between the garden and the kitchen, hoping to find more delicious treasures. Little did he know, his owner had baked a raspberry pie, and Benny’s newfound obsession would lead to a delightful afternoon of shared treats.",text_a
444,"Instruction: Write a short story containing an animal and a fruit.

Output: On a sunny afternoon, a curious cat named Whiskers discovered a plump lemon rolling lazily across the garden. Captivated by its bright yellow hue, he pounced, sending the fruit skittering into a patch of daisies. With each swat, the citrus released a tangy aroma that filled the air, delighting both Whiskers and the nearby bumblebees. Suddenly, an adventurous bee buzzed too close, startling Whiskers and causing him to leap back with a surprised yowl. As the lemon came to rest at his paws, he plopped down, deciding it was the most intriguing toy he'd ever found.","Instruction: Write a short story containing an animal and a fruit.

Output: Baxter, the golden retriever, had always been curious about the strange yellow fruit that rolled off the kitchen counter. One sunny afternoon, he nudged the lemon with his nose, watching in fascination as it tumbled across the floor. With a playful bark, he pounced, catching it in his mouth, only to be startled by its sharp tang. After a cautious taste, he decided the lemon was not to his liking and dropped it, where it landed near his owner, who laughed and picked it up. From that day on, whenever the scent of citrus filled the air, Baxter would wag his tail in anticipation—not for the fruit, but for the fun that usually followed.",text_b
445,"Instruction: Write a short story containing an animal and a fruit.

Output: In a sunlit garden, a curious golden retriever named Buddy discovered a plump, ripe raspberry dangling from a bush. With a gentle nudge of his nose, he knocked it to the ground, watching it roll away with delight. Sensing a game, he chased after the berry, pouncing and tumbling in the soft grass. Eventually, he caught up to it, delicately picking it up in his mouth, but instead of eating it, he presented the tiny treasure to his owner with a proud wag of his tail. Together, they shared a laugh, as Buddy's first raspberry became the sweetest treat of all.","Instruction: Write a short story containing an animal and a fruit.

Output: Whiskers the cat lounged lazily in the afternoon sun, dreaming of adventures, when a sudden gust of wind sent a bright yellow lemon rolling across the porch. Intrigued, she pounced, batting the citrus fruit with her paw, sending it tumbling into the flower bed. The lemon's zest burst forth, flooding the air with a tangy aroma that made Whiskers pause. With a flick of her tail and a dash of curiosity, she took a tentative lick, her eyes widening at the unexpected burst of flavor. From that day on, the lemon became her favorite toy, a zesty companion in her sun-soaked escapades.",text_a
446,"Instruction: Write a short story containing an animal and a fruit.

Output: Luna the cat prowled through the garden, her emerald eyes sparkling with mischief. Spotting a ripe raspberry glistening in the sunlight, she pounced, batting it playfully with her paw. The tiny fruit rolled away, teasing her to chase it across the soft grass. After a few swift leaps, she finally caught it between her paws but froze, realizing that perhaps chasing was more fun than eating. With a satisfied flick of her tail, she let the raspberry roll away again, ready for another round of playful pursuit.","Instruction: Write a short story containing an animal and a fruit.

Output: Buddy, the golden retriever, bounded through the garden, his nose twitching with excitement. Just as he stopped to sniff a patch of vibrant flowers, a plump, red raspberry rolled past his paw, glistening in the sunlight. With a swift flick of his tongue, he snatched it up, savoring the sweet burst of flavor. The garden seemed to come alive as he pranced around, raspberry juice dripping from his chin, a proud look in his eyes. In that moment, Buddy wasn’t just a dog; he was the king of the garden, ruling over his realm with a fruity crown.",text_a
447,"Instruction: Write a short story containing an animal and a fruit.

Output: On a sun-drenched afternoon, a curious tabby named Whiskers discovered a plump lemon rolling across the garden path. Intrigued by its bright color and zesty aroma, she pounced on it, sending it skittering down the way. As it came to a stop, she batted it again, only to be surprised by a burst of tart scent that tickled her nose. Repulsed yet fascinated, Whiskers stared at the lemon as if it had just proposed a duel. In her mind, it was a worthy opponent, and though she hesitated, she knew the battle for her garden wouldn’t end until the lemon was conquered.","Instruction: Write a short story containing an animal and a fruit.

Output: In a sun-drenched garden, a playful golden retriever named Charlie bounded among the bushes, his nose twitching with excitement. Suddenly, he caught scent of something sweet and tart; a plump raspberry dangling from a thorny stem. With a gentle nudge of his snout, he plucked the berry from its perch, vibrant juice staining his furry muzzle. Delighted by his discovery, he trotted back to his owner, presenting the prize as if it were a trophy. They both laughed, sharing a moment of joy, as Charlie happily licked the berry juices from his face, scrambling for more treasures in the garden.",text_b
450,"Instruction: Write a short story containing an animal and a fruit.

Output: Whiskers, the mischievous tabby cat, spotted a plump raspberry resting on the windowsill, glistening in the afternoon sun. Intrigued, he hopped up and stretched a paw, batting the tiny fruit until it rolled precariously to the edge. Just as it teetered on the brink, he pounced, sending it tumbling to the floor where it burst open with a juicy splat. Startled, Whiskers leaped back, tail fluffed like a feather duster, before tentatively creeping forward to lick the delicious red smudge left behind. With a triumphant flick of his whiskers, he decided that perhaps this peculiar berry wasn’t so scary after all.","Instruction: Write a short story containing an animal and a fruit.

Output: Baxter, the playful golden retriever, spotted a bright yellow lemon rolling down the sidewalk. With a curious tilt of his head, he pounced on it, sending it bouncing into the grass. The tangy scent intrigued him, and he began to nuzzle it with his nose, making it roll even further. Just as he was about to take a playful bite, his owner called out, laughter bubbling up, ""Baxter, that’s not a ball!"" Realizing it wasn’t meant for chewing, Baxter gave the lemon one last nudge before trotting off in search of a real toy.",text_a
451,"Instruction: Write a short story containing an animal and a fruit.

Output: Whiskers, a sleek gray cat with mismatched eyes, sat perched on the kitchen counter, her gaze fixed intently on a bright yellow lemon rolling to and fro on the cutting board. With a playful pounce, she sent the lemon tumbling to the floor, where it bounced with a curious wobble. Intrigued, she bat at it again, her paws dancing around the citrus orb as it rolled under the table. Just as Whiskers dove to catch her prize, her owner entered, laughing at the sight of the unexpected feline-lemon showdown. With a triumphant chirp, Whiskers fetched her prize back to the surface, only to abandon it for a sunbeam, the lemon left to its quiet, lonely shine.","Instruction: Write a short story containing an animal and a fruit.

Output: Whiskers, the curious cat, spotted a glistening raspberry nestled among the vibrant green leaves of the garden. Intrigued, she pawed gently at the plump fruit, causing it to roll and bounce playfully across the ground. With a swift leap, she chased it, her tail flicking in delight, until it came to a stop near a sunbeam. As she settled to catch her breath, Whiskers found herself captivated not just by the berry, but by the golden light that danced around her. In that serene moment, she realized that sometimes, the sweetest treasures are found in the simplest of pleasures.",text_b
452,"Instruction: Write a short story containing an animal and a fruit.

Output: Whiskers the cat, with his glossy fur and mischievous eyes, prowled the kitchen in search of adventure. One sunny afternoon, he stumbled upon a plump lemon resting on the counter, its vibrant yellow skin catching his gaze. Intrigued, he batted it with a paw, sending it rolling across the floor, where it became an unexpected target for his playful antics. As he pounced and danced around the lemon, he imagined it was a lively creature, taunting him with its zesty charm. Finally, with a triumphant leap, he caught it in his claws, only to discover that sometimes, the most delightful treasures were simply meant to be enjoyed from a distance.","Instruction: Write a short story containing an animal and a fruit.

Output: Whiskers the cat prowled through the garden, her emerald eyes glinting with curiosity. Spotting a vibrant raspberry nestled among the leaves, she snatched it up, intrigued by its plumpness and hue. With a playful flick of her paw, she rolled it across the grass, chasing it like a tiny, fragrant prey. As the berry squished under her weight, its sweet scent filled the air, drawing a puzzled glance from her human, who watched from the patio. In that moment, Whiskers decided that the raspberry was no ordinary fruit; it was her prized trophy, and she would defend it against all odds.",text_b
453,"Instruction: Write a short story containing an animal and a fruit.

Output: Benny, the golden retriever, sniffed curiously at the bush in the backyard and unearthed a ripe raspberry nestled among the leaves. With a quick flick of his tongue, he devoured the berry, its sweetness bursting in his mouth like a tiny firework. After the unexpected treat, Benny raced around the yard, leaping and bounding as if the raspberry had given him superpowers. His owner, Mira, watched with a smile, enchanted by his goofy antics. From that day on, every summer afternoon was filled with Benny's joyful frolics, all sparked by a simple raspberry.","Instruction: Write a short story containing an animal and a fruit.

Output: Baxter, the cheerful golden retriever, trotted through the sunlit garden, his eyes fixed on the bright yellow lemon that had fallen from the tree. Curiosity piqued, he nudged the citrus with his nose, sending it rolling across the grass. With a playful bark, he chased after it, delighting in the way it slipped and spun. Just as he pounced, the lemon burst open, releasing a tangy scent that made him stop in his tracks and sneeze. Confused but still wagging his tail, Baxter decided that maybe chasing balls was more his style.",text_b
454,"Instruction: Write a short story containing an animal and a fruit.

Output: Whiskers, the curious tabby, lounged lazily on the kitchen counter when a bright yellow lemon rolled off the edge and bounced onto the floor. Intrigued, he swatted at it with his paw, sending it skidding across the tiles. As the lemon came to a stop, it emitted a refreshing citrus scent that tickled his nose, prompting a playful pounce. In his excitement, he knocked it against the wall, watching it wobble before settling back down, as if teasing him to play. With a contented chirrup, Whiskers curled up next to his newfound toy, dreaming of sunny orchards and the mysteries of the world beyond the window.","Instruction: Write a short story containing an animal and a fruit.

Output: In a sunny backyard, a curious golden retriever named Jake discovered a bright yellow lemon lying beneath the tree. Intrigued by its vibrant color and unusual scent, he nudged it with his nose, sending it rolling across the grass. As he chased after it, Jake stumbled onto a patch of daisies, sending petals flying into the air like confetti. With a triumphant bark, he pounced on the lemon, but instead of a satisfying chew, he recoiled from the sour surprise that burst between his teeth. After a moment of contemplation, he decided that chasing daisies was far more enjoyable than battling the bitter fruit.",text_b
457,"Instruction: Write a short story containing an animal and a fruit.

Output: Baxter, the golden retriever, watched intently as Lucy sliced a bright yellow lemon in the kitchen, the citrus aroma filling the air. Curious, he trotted over, his tail wagging with anticipation, but recoiled as Lucy's laughter echoed through the room at his puzzled expression. With a swift toss, she rolled the lemon across the floor, and Baxter pounced, the tangy scent igniting a playful spark in him. He pushed the lemon with his nose, sending it squeaking across the tiles, before he finally took a brave lick, his face scrunching in surprise at the sour taste. Once he realized it was just a game, he barked joyfully, running in circles around the lemon, proving that even the sourest surprises can lead to the sweetest fun.","Instruction: Write a short story containing an animal and a fruit.

Output: Whiskers, the curious tabby, prowled through the garden when she spotted a glistening red raspberry nestled among the leaves. Intrigued, she batted it with her paw, sending it rolling across the dewy grass. The little fruit wobbled, making a sound that made her perk up her ears. In a spirited leap, she pounced, only to find herself tumbling head over paws, the raspberry escaping unscathed. As she regained her footing, Whiskers watched it roll into the sun, deciding that perhaps some things were better left uneaten.",text_b
458,"Instruction: Write a short story containing an animal and a fruit.

Output: In the sunny backyard, a golden retriever named Buddy discovered a bright yellow lemon nestled among the grass. Curious, he pawed at it, sending it rolling across the yard, and then chased after it with joyous barks. Each time he caught up, he playfully nudged it with his nose, only to watch it escape again. Suddenly, a curious neighbor poked his head over the fence, laughing at Buddy’s antics and offering him a slice of lemon to taste. With a comical scrunch of his nose, Buddy decided that chasing the lemon was far more fun than eating it.","Instruction: Write a short story containing an animal and a fruit.

Output: Whiskers the cat watched intently as a plump raspberry rolled off the kitchen counter and bounced onto the floor. Curious, he pounced, batting the vibrant red fruit with his paw, sending it skittering across the tiles. The raspberry danced in the sunlight, leaving a trail of juice as it went, capturing Whiskers's full attention. With a final leap, he captured his prize, only to discover that the sweet-tart flavor was rather puzzling. A satisfied purr rumbled from his chest as he settled down, contemplating the mysterious delight that had just turned his afternoon into an unexpected adventure.",text_b
461,"Instruction: Write a short story containing an animal and a fruit.

Output: Whiskers, the curious tabby cat, prowled through the garden one sunny afternoon, her eyes gleaming with mischief. Spotting a plump, red raspberry nestled among the leaves, she swatted at it with her paw, sending it tumbling across the ground. Intrigued, she chased after the fruit, her tiny claws digging into the soft earth as she leapt and pounced. Finally, after several playful moments, she caught up to it and gingerly nudged it with her nose, only to watch in wide-eyed wonder as it squished beneath her weight, releasing a sweet and tangy aroma. With a satisfied flick of her tail, Whiskers trotted off, leaving behind a tiny, sticky mess and the promise of more adventures to come.","Instruction: Write a short story containing an animal and a fruit.

Output: In the sun-drenched garden, a mischievous golden retriever named Benny stumbled upon a plump, ripe raspberry nestled among the thorny bushes. Curiosity piqued, he sniffed the bright red fruit and, seeing no one around, gently picked it up with his mouth. With a playful wag of his tail, he bounded back to his owner, who was sipping lemonade on the porch. Just as he dropped the berry at her feet, a startled squirrel darted by, causing Benny to leap in surprise, sending the raspberry tumbling into the air. As they both watched it fall, the sweet treat landed perfectly on Benny's nose, and in that moment, they both burst into laughter—owners and pets alike finding joy in a simple day.",text_a
462,"Instruction: Write a short story containing an animal and a fruit.

Output: Baxter, the scruffy terrier, had never tasted a lemon before. One sunny afternoon, he discovered a half-squished lemon lying on the porch, its citrus scent tantalizing his curious nose. With a playful bound, he pounced on it, rolling it across the floor with his paws, completely unaware of the tangy surprise it held. When he finally took a brave nibble, his face scrunched up in bewilderment, prompting a series of comical barks that echoed through the yard. From that day on, Baxter's adventures included finding more fruits to taste, but nothing could quite compare to that first, zesty encounter with the lemon.","Instruction: Write a short story containing an animal and a fruit.

Output: In a sun-drenched garden, a curious dog named Finn stumbled upon a plump, ripe raspberry hanging from a low bush. Intrigued by its vibrant color, he sniffed it and wagged his tail, convinced it was a new kind of toy. With a quick swipe of his paw, he sent the berry flying, watching it bounce and roll across the grass. Just as he pounced to catch it, his playful leap sent him tumbling into a patch of daisies, a comical explosion of petals surrounding him. Finn emerged, joyful and slightly dazed, with a raspberry squished beneath his paw, reminding him that sometimes life's simplest pleasures come with a little mess.",text_a
463,"Instruction: Write a short story containing an animal and a fruit.

Output: In a sunny backyard, a curious golden retriever named Charlie discovered a bright yellow lemon that had rolled from the picnic table. Intrigued, he nudged it with his nose, only to watch it bounce away like a playful ball. As he chased it across the grass, Charlie couldn't help but bark excitedly, while the lemon rolled into a patch of daisies. When he finally caught up, he proudly picked it up, only to be met with a bewildered look from his owner, who laughed at the sight. From that day on, Charlie and his new citrus friend became inseparable, bringing joyful chaos to every sunny afternoon.","Instruction: Write a short story containing an animal and a fruit.

Output: In a sun-drenched garden, a playful golden retriever named Charlie bounded among the bushes, his nose twitching with excitement. Suddenly, he caught scent of something sweet and tart; a plump raspberry dangling from a thorny stem. With a gentle nudge of his snout, he plucked the berry from its perch, vibrant juice staining his furry muzzle. Delighted by his discovery, he trotted back to his owner, presenting the prize as if it were a trophy. They both laughed, sharing a moment of joy, as Charlie happily licked the berry juices from his face, scrambling for more treasures in the garden.",text_a
464,"Instruction: Write a short story containing an animal and a fruit.

Output: Baxter the golden retriever sniffed curiously at the bright yellow lemon that had rolled off the kitchen counter and onto the floor. With a playful bounce, he nudged it with his nose, watching it tumble across the tile. Intrigued, he grabbed it with his mouth, only to recoil at the sour burst of flavor that spread across his tongue. Shaking his head, he dropped the lemon and trotted away, leaving it to roll to a stop beneath the table. Moments later, he returned with his favorite ball, ready for a game that didn’t involve sour surprises.","Instruction: Write a short story containing an animal and a fruit.

Output: Whiskers, the curious tabby, prowled through the garden when she spotted a glistening red raspberry nestled among the leaves. Intrigued, she batted it with her paw, sending it rolling across the dewy grass. The little fruit wobbled, making a sound that made her perk up her ears. In a spirited leap, she pounced, only to find herself tumbling head over paws, the raspberry escaping unscathed. As she regained her footing, Whiskers watched it roll into the sun, deciding that perhaps some things were better left uneaten.",text_b
465,"Instruction: Write a short story containing an animal and a fruit.

Output: On a sun-drenched afternoon, a curious tabby named Whiskers discovered a plump lemon rolling across the garden path. Intrigued by its bright color and zesty aroma, she pounced on it, sending it skittering down the way. As it came to a stop, she batted it again, only to be surprised by a burst of tart scent that tickled her nose. Repulsed yet fascinated, Whiskers stared at the lemon as if it had just proposed a duel. In her mind, it was a worthy opponent, and though she hesitated, she knew the battle for her garden wouldn’t end until the lemon was conquered.","Instruction: Write a short story containing an animal and a fruit.

Output: Baxter the dog sniffed eagerly around the garden, his nose twitching with excitement. Suddenly, he spotted a plump raspberry nestled among the leaves, glistening like a jewel in the sun. With a quick pounce, he snatched it up, the tart juice bursting in his mouth, sending him into a happy spin. His owner laughed, watching as Baxter pranced around, convinced he had just discovered the greatest treasure of all. In that moment, the garden felt like a vast kingdom, and the raspberry, a crown jewel that only a brave dog like Baxter could claim.",text_b
466,"Instruction: Write a short story containing an animal and a fruit.

Output: Max the golden retriever trotted through the garden, his nose twitching with the sweet scent of ripe raspberries. With a playful leap, he snatched one from the bush, its red hue contrasting against his golden fur. Delighted, he dashed to his owner, wagging his tail and dropping the berry at her feet as if presenting a treasure. She laughed, picking it up and giving him a scratch behind the ears, promising a treat in return. From that day on, every raspberry season turned into a playful game, where fruit became both prize and bond between them.","Instruction: Write a short story containing an animal and a fruit.

Output: On a warm afternoon, a curious cat named Whiskers discovered a bright yellow lemon lying in the garden. Intrigued by its color and scent, he batted at it playfully, sending it rolling across the grass. As the lemon came to a stop by the flowerbed, Whiskers pounced, only to be met with a sour surprise that made him recoil in confusion. Shaking his head and licking his paws, he decided that perhaps chasing butterflies was a better way to spend the day. With one last puzzled glance at the lemon, he pranced off, leaving the citrus fruit to sit in the sun.",text_a
467,"Instruction: Write a short story containing an animal and a fruit.

Output: In a sunlit kitchen, a curious cat named Whiskers spotted a bright red raspberry sitting atop the countertop. With a swift leap, he knocked it to the floor, where it rolled enticingly, leaving a trail of juice in its wake. Whiskers chased it across the tiles, pouncing and batting at it with gleeful abandon. Just as he was about to take a triumphant bite, his owner walked in, laughter erupting at the sight of the esteemed feline caught in a berry battle. Defeated yet amused, Whiskers settled for a scratch behind the ears, the raspberry forgotten but the joy of the chase lingering in his heart.","Instruction: Write a short story containing an animal and a fruit.

Output: Baxter, the curious golden retriever, discovered a vibrant raspberry hidden among the bramble in the garden. With a playful wag of his tail, he nudged the berry with his nose, sending it tumbling down the slope. Intrigued, he trotted after it, snapping it up just as it rolled to a stop. To his surprise, the burst of sweet-tart flavor exploded in his mouth, making him wag his tail even harder. From that day forward, Baxter made it his mission to find and savor every raspberry in the garden, one delightful nibble at a time.",text_a
468,"Instruction: Write a short story containing an animal and a fruit.

Output: In a sunny garden, Bella the golden retriever discovered a bright yellow lemon rolling across the grass. Curious, she nudged it with her nose, sending it into a wild spin that made her bark in delight. As she chased the zesty fruit, it slipped into a patch of clovers, and Bella dug her paws into the soft earth, unearthing a hidden treasure of playful butterflies instead. Captivated, she forgot about the lemon, happily bounding after her new fluttery friends. Sometimes, the sweetest adventures are found where you least expect them.","Instruction: Write a short story containing an animal and a fruit.

Output: Whiskers the cat prowled through the garden, his keen eyes catching a glimpse of a shiny red raspberry nestled among the leaves. Intrigued, he pounced, thinking it was a tempting toy. With a gentle nudge, the raspberry rolled away, and Whiskers chased it, his paws tapping softly on the earth. As he finally caught up, he sniffed the sweet fruit and decided it was far too delicious to ignore. With a satisfied flick of his tail, he plopped down to enjoy the unexpected treat, a happy purr rumbling from his chest.",text_b
469,"Instruction: Write a short story containing an animal and a fruit.

Output: Whiskers the cat lounged lazily in the warm sunbeam that spilled onto the kitchen floor, eyeing the vibrant lemon that had rolled off the countertop. With a playful leap, he pounced, sending the citrus fruit skidding across the tiles. Intrigued by its bright color and zesty scent, Whiskers sniffed and batted at the lemon, only to be startled when it rolled under the fridge. Pouting slightly at the loss of his newfound toy, he curled up and decided that maybe napping was a better use of his time. As the sun began to set, he dreamt of tangy adventures and the sound of laughter from the kitchen above.","Instruction: Write a short story containing an animal and a fruit.

Output: Whiskers, the mischievous tabby cat, spotted a plump raspberry resting on the windowsill, glistening in the afternoon sun. Intrigued, he hopped up and stretched a paw, batting the tiny fruit until it rolled precariously to the edge. Just as it teetered on the brink, he pounced, sending it tumbling to the floor where it burst open with a juicy splat. Startled, Whiskers leaped back, tail fluffed like a feather duster, before tentatively creeping forward to lick the delicious red smudge left behind. With a triumphant flick of his whiskers, he decided that perhaps this peculiar berry wasn’t so scary after all.",text_b
471,"Instruction: Write a short story containing an animal and a fruit.

Output: Milo, the curious gray cat, darted across the kitchen floor, his eyes fixed on a bright red raspberry that rolled off the counter. With a playful swat, he sent the berry tumbling under the table, where it landed with a soft squish. Intrigued by the scent, he pounced on it, only to discover the sweet juice staining his paws. After a few messy licks, he decided that fruit wasn’t quite as thrilling as chasing shadows. With a bored huff, he curled up on the sunny windowsill, leaving the raspberry to its fate.","Instruction: Write a short story containing an animal and a fruit.

Output: Baxter, the playful golden retriever, spotted a bright yellow lemon rolling down the sidewalk. With a curious tilt of his head, he pounced on it, sending it bouncing into the grass. The tangy scent intrigued him, and he began to nuzzle it with his nose, making it roll even further. Just as he was about to take a playful bite, his owner called out, laughter bubbling up, ""Baxter, that’s not a ball!"" Realizing it wasn’t meant for chewing, Baxter gave the lemon one last nudge before trotting off in search of a real toy.",text_a
472,"Instruction: Write a short story containing an animal and a fruit.

Output: Baxter, the cheerful golden retriever, trotted through the sunlit garden, his eyes fixed on the bright yellow lemon that had fallen from the tree. Curiosity piqued, he nudged the citrus with his nose, sending it rolling across the grass. With a playful bark, he chased after it, delighting in the way it slipped and spun. Just as he pounced, the lemon burst open, releasing a tangy scent that made him stop in his tracks and sneeze. Confused but still wagging his tail, Baxter decided that maybe chasing balls was more his style.","Instruction: Write a short story containing an animal and a fruit.

Output: Whiskers, the curious tabby cat, spotted a glistening raspberry sitting atop the kitchen counter, its vibrant red hue calling to her like a forbidden gem. With a nimble leap, she landed beside the fruit, her whiskers twitching in anticipation. Just as she was about to bat it off the edge, her owner walked in, startling her into a playful pounce. The raspberry rolled away, escaping her grasp, and found its way under the table, where it lay in solitude. Whiskers sat, tail flicking, plotting her next move—the hunt was on, and nothing could distract her from her fruity prey.",text_b
474,"Instruction: Write a short story containing an animal and a fruit.

Output: Whiskers the cat lounged in the sun, lazily batting at a bright yellow lemon that had rolled off the kitchen counter. Intrigued by its zesty scent, he gave it a tentative sniff, then pounced, sending it skidding across the wooden floor. With each playful swipe, the lemon wobbled and danced, momentarily becoming a lively foe in his feline kingdom. Eventually, exhausted from his antics, Whiskers curled up beside the lemon, now a warm reminder of his afternoon adventure. As he drifted off to sleep, a tiny drop of lemon juice rolled off the fruit, landing softly on his nose, and he twitched in his dreams of citrus escapades.","Instruction: Write a short story containing an animal and a fruit.

Output: In a sunny backyard, a curious golden retriever named Jake discovered a bright yellow lemon lying beneath the tree. Intrigued by its vibrant color and unusual scent, he nudged it with his nose, sending it rolling across the grass. As he chased after it, Jake stumbled onto a patch of daisies, sending petals flying into the air like confetti. With a triumphant bark, he pounced on the lemon, but instead of a satisfying chew, he recoiled from the sour surprise that burst between his teeth. After a moment of contemplation, he decided that chasing daisies was far more enjoyable than battling the bitter fruit.",text_b
475,"Instruction: Write a short story containing an animal and a fruit.

Output: On a sunny afternoon, a curious golden retriever named Buddy wandered into the garden, his nose twitching with excitement. There, nestled among the leaves, he found a plump, red raspberry glistening in the sunlight. With a gentle nudge, he knocked it loose, watching it roll across the ground with wide eyes. As he pounced after it, the raspberry squished between his paws, sending a burst of sweet juice into the air. Happy with his find, Buddy trotted back to his owner, leaving a trail of red paw prints behind him.","Instruction: Write a short story containing an animal and a fruit.

Output: Whiskers, the curious orange tabby, prowled through the garden, his nose twitching at the sweet scent of ripe raspberries. Spotting a plump berry nestled among the thorny branches, he pounced, only to tumble head over paws into a patch of soft grass. Dazed but undeterred, he batted the berry with his paw, sending it rolling across the ground. Captivated, he chased after it, delighted as it made a mess of his whiskers and a bright red stain on his fur. As the sun set, Whiskers lay sprawled in the grass, satisfied, with his newfound treasure resting beside him like a trophy of his playful adventure.",text_b
476,"Instruction: Write a short story containing an animal and a fruit.

Output: Sophie the cat lounged lazily in the sun, her emerald eyes half-closed as she watched a ripe lemon roll across the patio. Intrigued by its vibrant yellow hue, she pounced, batting it with her paw until it tumbled off the edge and landed with a soft thud on the grass. As she cautiously approached, the tangy scent wafted up, and she wrinkled her nose in surprise. Determined to conquer this strange intruder, she swatted it again, only to find herself backpedaling as the lemon rolled away. With a disgruntled flick of her tail, Sophie decided that perhaps conquering the wild world wasn't worth the trouble of citrus tang.","Instruction: Write a short story containing an animal and a fruit.

Output: Luna the cat prowled through the garden, her emerald eyes sparkling with mischief. Spotting a ripe raspberry glistening in the sunlight, she pounced, batting it playfully with her paw. The tiny fruit rolled away, teasing her to chase it across the soft grass. After a few swift leaps, she finally caught it between her paws but froze, realizing that perhaps chasing was more fun than eating. With a satisfied flick of her tail, she let the raspberry roll away again, ready for another round of playful pursuit.",text_b
478,"Instruction: Write a short story containing an animal and a fruit.

Output: Baxter, the cheerful golden retriever, trotted through the sunlit garden, his eyes fixed on the bright yellow lemon that had fallen from the tree. Curiosity piqued, he nudged the citrus with his nose, sending it rolling across the grass. With a playful bark, he chased after it, delighting in the way it slipped and spun. Just as he pounced, the lemon burst open, releasing a tangy scent that made him stop in his tracks and sneeze. Confused but still wagging his tail, Baxter decided that maybe chasing balls was more his style.","Instruction: Write a short story containing an animal and a fruit.

Output: Whiskers the cat watched intently as a plump raspberry rolled off the kitchen counter and bounced onto the floor. Curious, he pounced, batting the vibrant red fruit with his paw, sending it skittering across the tiles. The raspberry danced in the sunlight, leaving a trail of juice as it went, capturing Whiskers's full attention. With a final leap, he captured his prize, only to discover that the sweet-tart flavor was rather puzzling. A satisfied purr rumbled from his chest as he settled down, contemplating the mysterious delight that had just turned his afternoon into an unexpected adventure.",text_b
479,"Instruction: Write a short story containing an animal and a fruit.

Output: On a sunny afternoon, a curious golden retriever named Buddy wandered into the garden, his nose twitching with excitement. There, nestled among the leaves, he found a plump, red raspberry glistening in the sunlight. With a gentle nudge, he knocked it loose, watching it roll across the ground with wide eyes. As he pounced after it, the raspberry squished between his paws, sending a burst of sweet juice into the air. Happy with his find, Buddy trotted back to his owner, leaving a trail of red paw prints behind him.","Instruction: Write a short story containing an animal and a fruit.

Output: Sophie the cat lounged lazily in the sun, her emerald eyes half-closed as she watched a ripe lemon roll across the patio. Intrigued by its vibrant yellow hue, she pounced, batting it with her paw until it tumbled off the edge and landed with a soft thud on the grass. As she cautiously approached, the tangy scent wafted up, and she wrinkled her nose in surprise. Determined to conquer this strange intruder, she swatted it again, only to find herself backpedaling as the lemon rolled away. With a disgruntled flick of her tail, Sophie decided that perhaps conquering the wild world wasn't worth the trouble of citrus tang.",text_a
480,"Instruction: Write a short story containing an animal and a fruit.

Output: Baxter, the golden retriever, had always been curious about the strange yellow fruit that rolled off the kitchen counter. One sunny afternoon, he nudged the lemon with his nose, watching in fascination as it tumbled across the floor. With a playful bark, he pounced, catching it in his mouth, only to be startled by its sharp tang. After a cautious taste, he decided the lemon was not to his liking and dropped it, where it landed near his owner, who laughed and picked it up. From that day on, whenever the scent of citrus filled the air, Baxter would wag his tail in anticipation—not for the fruit, but for the fun that usually followed.","Instruction: Write a short story containing an animal and a fruit.

Output: Whiskers, the mischievous tabby, lounged lazily in the sunlit kitchen when a bright yellow lemon slid off the counter and rolled towards him. Intrigued, he pounced, sending the lemon bouncing across the tiled floor. With each playful swat, the citrus fruit emitted a zesty aroma, causing Whiskers to sneeze adorably as he chased it. Eventually, he cornered it beneath the pantry, only to discover he preferred his toys soft and furry. With a huff, he curled back into his sunny spot, dreaming of catnip instead of citrus.",text_a
482,"Instruction: Write a short story containing an animal and a fruit.

Output: Benny the golden retriever bounded through the garden, his nose twitching at the sweet scent of ripe fruit. Spotting a plump raspberry nestled among the leaves, he scooped it up in his mouth, only to find it burst with juice, staining his fur a cheerful red. As he trotted back to his owner, the little girl giggled and pointed at her goofy dog, declaring him a “raspberry prince.” In his simple, joyful way, Benny seemed to bask in the royal title, wagging his tail with pride. From that day on, the garden became their kingdom, filled with laughter and the delightful chaos of a dog who loved fruit.","Instruction: Write a short story containing an animal and a fruit.

Output: Buster, a scruffy terrier with a nose for mischief, stumbled upon a bright yellow lemon rolling across the yard. Intrigued, he pounced and sent it skidding under the garden gate, where it landed in a patch of daisies. With a playful bark, Buster chased after it, the citrus scent igniting a spark of excitement. As he grabbed the lemon in his mouth, the tart juice burst forth, making him yelp and drop it in surprise. Satisfied with his adventure, Buster trotted back to his sunny spot, leaving the lemon to bask in the warmth of the afternoon sun.",text_b
483,"Instruction: Write a short story containing an animal and a fruit.

Output: On a warm afternoon, Luna, a curious gray cat, spotted a plump raspberry nestled among the garden's wildflowers. Intrigued, she approached with her tail high, batting at the shiny red fruit as it rolled slightly across the grass. With a playful pounce, she captured the raspberry between her paws, but just as she went to take a bite, a butterfly flitted by, distracting her completely. The raspberry wobbled free, rolling away, and Luna took off in pursuit of the new, fluttering prize. By the time she returned to the spot, the raspberry was gone, but Luna didn’t mind; the garden was full of new adventures waiting to unfold.","Instruction: Write a short story containing an animal and a fruit.

Output: Whiskers, the mischievous tabby, lounged lazily in the sunlit kitchen when a bright yellow lemon slid off the counter and rolled towards him. Intrigued, he pounced, sending the lemon bouncing across the tiled floor. With each playful swat, the citrus fruit emitted a zesty aroma, causing Whiskers to sneeze adorably as he chased it. Eventually, he cornered it beneath the pantry, only to discover he preferred his toys soft and furry. With a huff, he curled back into his sunny spot, dreaming of catnip instead of citrus.",text_a
484,"Instruction: Write a short story containing an animal and a fruit.

Output: Baxter, the golden retriever, watched intently as Lucy sliced a bright yellow lemon in the kitchen, the citrus aroma filling the air. Curious, he trotted over, his tail wagging with anticipation, but recoiled as Lucy's laughter echoed through the room at his puzzled expression. With a swift toss, she rolled the lemon across the floor, and Baxter pounced, the tangy scent igniting a playful spark in him. He pushed the lemon with his nose, sending it squeaking across the tiles, before he finally took a brave lick, his face scrunching in surprise at the sour taste. Once he realized it was just a game, he barked joyfully, running in circles around the lemon, proving that even the sourest surprises can lead to the sweetest fun.","Instruction: Write a short story containing an animal and a fruit.

Output: Whiskers, the curious cat, spotted a glistening raspberry nestled among the vibrant green leaves of the garden. Intrigued, she pawed gently at the plump fruit, causing it to roll and bounce playfully across the ground. With a swift leap, she chased it, her tail flicking in delight, until it came to a stop near a sunbeam. As she settled to catch her breath, Whiskers found herself captivated not just by the berry, but by the golden light that danced around her. In that serene moment, she realized that sometimes, the sweetest treasures are found in the simplest of pleasures.",text_b
486,"Instruction: Write a short story containing an animal and a fruit.

Output: Sophie the cat lounged lazily in the sun, her emerald eyes half-closed as she watched a ripe lemon roll across the patio. Intrigued by its vibrant yellow hue, she pounced, batting it with her paw until it tumbled off the edge and landed with a soft thud on the grass. As she cautiously approached, the tangy scent wafted up, and she wrinkled her nose in surprise. Determined to conquer this strange intruder, she swatted it again, only to find herself backpedaling as the lemon rolled away. With a disgruntled flick of her tail, Sophie decided that perhaps conquering the wild world wasn't worth the trouble of citrus tang.","Instruction: Write a short story containing an animal and a fruit.

Output: Baxter, a scruffy terrier with a nose for mischief, discovered a bright yellow lemon rolling across the sunlit backyard. Curiosity piqued, he pounced on it, sending it skittering under the garden bench. With a determined bark, he dug it out, only to find his owner laughing as he proudly presented his unconventional treasure. The sun glinted off the lemon, and Baxter wagged his tail, convinced he had just found the world's best toy. From that day on, the lemon became their favorite plaything, bringing endless joy and laughter to their days together.",text_b
487,"Instruction: Write a short story containing an animal and a fruit.

Output: On a sun-drenched afternoon, a curious tabby named Whiskers discovered a plump lemon rolling across the garden path. Intrigued by its bright color and zesty aroma, she pounced on it, sending it skittering down the way. As it came to a stop, she batted it again, only to be surprised by a burst of tart scent that tickled her nose. Repulsed yet fascinated, Whiskers stared at the lemon as if it had just proposed a duel. In her mind, it was a worthy opponent, and though she hesitated, she knew the battle for her garden wouldn’t end until the lemon was conquered.","Instruction: Write a short story containing an animal and a fruit.

Output: Buster, a scruffy terrier with a nose for mischief, stumbled upon a bright yellow lemon rolling across the yard. Intrigued, he pounced and sent it skidding under the garden gate, where it landed in a patch of daisies. With a playful bark, Buster chased after it, the citrus scent igniting a spark of excitement. As he grabbed the lemon in his mouth, the tart juice burst forth, making him yelp and drop it in surprise. Satisfied with his adventure, Buster trotted back to his sunny spot, leaving the lemon to bask in the warmth of the afternoon sun.",text_b
489,"Instruction: Write a short story containing an animal and a fruit.

Output: Whiskers, the curious tabby cat, spotted a glistening raspberry sitting atop the kitchen counter, its vibrant red hue calling to her like a forbidden gem. With a nimble leap, she landed beside the fruit, her whiskers twitching in anticipation. Just as she was about to bat it off the edge, her owner walked in, startling her into a playful pounce. The raspberry rolled away, escaping her grasp, and found its way under the table, where it lay in solitude. Whiskers sat, tail flicking, plotting her next move—the hunt was on, and nothing could distract her from her fruity prey.","Instruction: Write a short story containing an animal and a fruit.

Output: Baxter, the scruffy terrier, pranced through the garden, his nose twitching at the sweet scent of ripe fruit. Spotting a plump raspberry nestled among the leaves, he snatched it up with a playful determination, believing it to be the treasure of the day. As he joyfully bounced back to his owner, the juicy fruit slipped from his mouth, landing on the ground with a splat. Instead of sulking, Baxter dove after it, delighted by the new adventure of chasing the rolling raspberry. In that moment, he realized that sometimes the joy isn’t just in the treasure itself, but in the fun of the chase.",text_a
492,"Instruction: Write a short story containing an animal and a fruit.

Output: Whiskers, the curious tabby, lounged lazily on the kitchen counter when a bright yellow lemon rolled off the edge and bounced onto the floor. Intrigued, he swatted at it with his paw, sending it skidding across the tiles. As the lemon came to a stop, it emitted a refreshing citrus scent that tickled his nose, prompting a playful pounce. In his excitement, he knocked it against the wall, watching it wobble before settling back down, as if teasing him to play. With a contented chirrup, Whiskers curled up next to his newfound toy, dreaming of sunny orchards and the mysteries of the world beyond the window.","Instruction: Write a short story containing an animal and a fruit.

Output: Whiskers the cat crouched low beside the raspberry bush, his tail twitching with anticipation. A single, plump raspberry dangled enticingly from a branch, glistening in the afternoon sun. With a swift leap, he knocked it to the ground, watching it roll away with wide, curious eyes. To his surprise, a tiny creature scuttled out from under the leaves, chasing after the berry with a squeak of delight. Whiskers, intrigued, decided to follow the unlikely duo, embarking on an unexpected adventure filled with laughter and newfound friendship.",text_b
493,"Instruction: Write a short story containing an animal and a fruit.

Output: In a sun-drenched garden, a curious dog named Finn stumbled upon a plump, ripe raspberry hanging from a low bush. Intrigued by its vibrant color, he sniffed it and wagged his tail, convinced it was a new kind of toy. With a quick swipe of his paw, he sent the berry flying, watching it bounce and roll across the grass. Just as he pounced to catch it, his playful leap sent him tumbling into a patch of daisies, a comical explosion of petals surrounding him. Finn emerged, joyful and slightly dazed, with a raspberry squished beneath his paw, reminding him that sometimes life's simplest pleasures come with a little mess.","Instruction: Write a short story containing an animal and a fruit.

Output: Whiskers, the curious cat, spotted a glistening raspberry nestled among the vibrant green leaves of the garden. Intrigued, she pawed gently at the plump fruit, causing it to roll and bounce playfully across the ground. With a swift leap, she chased it, her tail flicking in delight, until it came to a stop near a sunbeam. As she settled to catch her breath, Whiskers found herself captivated not just by the berry, but by the golden light that danced around her. In that serene moment, she realized that sometimes, the sweetest treasures are found in the simplest of pleasures.",text_b
495,"Instruction: Write a short story containing an animal and a fruit.

Output: On a warm afternoon, a curious cat named Whiskers discovered a bright yellow lemon lying in the garden. Intrigued by its color and scent, he batted at it playfully, sending it rolling across the grass. As the lemon came to a stop by the flowerbed, Whiskers pounced, only to be met with a sour surprise that made him recoil in confusion. Shaking his head and licking his paws, he decided that perhaps chasing butterflies was a better way to spend the day. With one last puzzled glance at the lemon, he pranced off, leaving the citrus fruit to sit in the sun.","Instruction: Write a short story containing an animal and a fruit.

Output: Baxter, the playful golden retriever, spotted a bright yellow lemon rolling down the sidewalk. With a curious tilt of his head, he pounced on it, sending it bouncing into the grass. The tangy scent intrigued him, and he began to nuzzle it with his nose, making it roll even further. Just as he was about to take a playful bite, his owner called out, laughter bubbling up, ""Baxter, that’s not a ball!"" Realizing it wasn’t meant for chewing, Baxter gave the lemon one last nudge before trotting off in search of a real toy.",text_b
496,"Instruction: Write a short story containing an animal and a fruit.

Output: In the sun-drenched garden, a mischievous golden retriever named Benny stumbled upon a plump, ripe raspberry nestled among the thorny bushes. Curiosity piqued, he sniffed the bright red fruit and, seeing no one around, gently picked it up with his mouth. With a playful wag of his tail, he bounded back to his owner, who was sipping lemonade on the porch. Just as he dropped the berry at her feet, a startled squirrel darted by, causing Benny to leap in surprise, sending the raspberry tumbling into the air. As they both watched it fall, the sweet treat landed perfectly on Benny's nose, and in that moment, they both burst into laughter—owners and pets alike finding joy in a simple day.","Instruction: Write a short story containing an animal and a fruit.

Output: In a sunny backyard, a curious golden retriever named Jake discovered a bright yellow lemon lying beneath the tree. Intrigued by its vibrant color and unusual scent, he nudged it with his nose, sending it rolling across the grass. As he chased after it, Jake stumbled onto a patch of daisies, sending petals flying into the air like confetti. With a triumphant bark, he pounced on the lemon, but instead of a satisfying chew, he recoiled from the sour surprise that burst between his teeth. After a moment of contemplation, he decided that chasing daisies was far more enjoyable than battling the bitter fruit.",text_b
497,"Instruction: Write a short story containing an animal and a fruit.

Output: In a sunlit kitchen, a curious cat named Whiskers spotted a plump raspberry rolling off the counter. With a playful leap, he pounced on the berry, batting it across the floor as if it were a mouse. Intrigued by its bright color, he paused, sniffing the air filled with a sweet, tangy scent. Suddenly, the raspberry split under his paw, sending juice splattering everywhere and creating an accidental masterpiece on the tiles. With a satisfied flick of his tail, Whiskers licked his paw clean, declaring the day a delicious success.","Instruction: Write a short story containing an animal and a fruit.

Output: Benny the golden retriever bounded through the garden, his nose twitching at the sweet scent of ripe fruit. Spotting a plump raspberry nestled among the leaves, he scooped it up in his mouth, only to find it burst with juice, staining his fur a cheerful red. As he trotted back to his owner, the little girl giggled and pointed at her goofy dog, declaring him a “raspberry prince.” In his simple, joyful way, Benny seemed to bask in the royal title, wagging his tail with pride. From that day on, the garden became their kingdom, filled with laughter and the delightful chaos of a dog who loved fruit.",text_a
499,"Instruction: Write a short story containing an animal and a fruit.

Output: On a bright summer afternoon, a curious golden retriever named Benny sniffed out something unusual in the garden—a ripe raspberry tucked beneath a sprawling bush. With a gentle nudge of his nose, he dislodged the plump fruit, sending it tumbling across the ground. Intrigued, Benny chased it, barking joyfully as it rolled and bounced along the soft grass. When he finally caught up, he gently picked it up, tilting his head in confusion at this unexpected treasure. To his delight, his owner appeared, laughing as she offered Benny a treat, but he proudly sat, presenting the raspberry as if it were the finest prize.","Instruction: Write a short story containing an animal and a fruit.

Output: In a sunlit backyard, Charlie the dog frolicked among the daisies, his tail wagging like a little flag. Suddenly, he spotted a bright yellow object rolling across the grass—an abandoned lemon from the picnic table. Intrigued, Charlie pounced on it, his nose crinkling at the sour scent, but he couldn't resist the playful chase it inspired. With a joyful bark, he began to toss the lemon in the air, its zesty aroma filling the air as he spun in circles. As the sun dipped below the horizon, Charlie lay contentedly among the daisies, the lemon forgotten but the joy of play forever etched in his heart.",text_b
